gbifID	datasetKey	occurrenceID	kingdom	phylum	class	order	family	genus	species	infraspecificEpithet	taxonRank	scientificName	verbatimScientificName	verbatimScientificNameAuthorship	countryCode	locality	stateProvince	occurrenceStatus	individualCount	publishingOrgKey	decimalLatitude	decimalLongitude	coordinateUncertaintyInMeters	coordinatePrecision	elevation	elevationAccuracy	depth	depthAccuracy	eventDate	day	month	year	taxonKey	speciesKey	basisOfRecord	institutionCode	collectionCode	catalogNumber	recordNumber	identifiedBy	dateIdentified	license	rightsHolder	recordedBy	typeStatus	establishmentMeans	lastInterpreted	mediaType	issue
912404433	cd6e21c8-9e8a-493a-8a76-fbf7862069e5	http://specimens.kew.org/herbarium/K000485527	Plantae	Tracheophyta	Magnoliopsida	Magnoliales	Annonaceae	Hornschuchia	Hornschuchia lianarum		SPECIES	Hornschuchia lianarum D.M.Johnson & N.A.Murray	Hornschuchia lianarum D.M.Johnson	D.M.Johnson	BR	Município de Barra do Choça. Estrada que liga a Rod. BR-116 a São Sebastião, 4 km a W da cidade.		PRESENT		061b4f20-f241-11da-a328-b8a03c50a862									1978-11-21T00:00:00	21	11	1978	5407564	5407564	PRESERVED_SPECIMEN	K	Herbarium	K000485527	11254	Johnson, D.M.		CC_BY_4_0		Mori, S.A.; Santos, T.S.; Thompson, C.B.	ISOTYPE		2023-01-24T23:54:43.546Z	StillImage	CONTINENT_DERIVED_FROM_COUNTRY;INSTITUTION_MATCH_FUZZY;COLLECTION_MATCH_FUZZY
912404393	cd6e21c8-9e8a-493a-8a76-fbf7862069e5	http://specimens.kew.org/herbarium/K000485526	Plantae	Tracheophyta	Magnoliopsida	Magnoliales	Annonaceae	Hornschuchia	Hornschuchia citriodora		SPECIES	Hornschuchia citriodora D.M.Johnson	Hornschuchia citriodora D.M.Johnson	D.M.Johnson	BR	Espírito Santo. Guarapari: rodovia do Sol, estrada que liga a BR-101 à Praia Setibana ES-060 a 6 km da BR-101.		PRESENT		061b4f20-f241-11da-a328-b8a03c50a862	-20.55	-40.45	0.2						1988-02-23T00:00:00	23	2	1988	5407561	5407561	PRESERVED_SPECIMEN	K	Herbarium	K000485526	2435	Johnson, D.M.		CC_BY_4_0		Pirani, J.R.; Mello-Silva, R.; Thomas, W.W.; Fernandes, J.B.			2023-01-25T00:00:21.632Z	StillImage	GEODETIC_DATUM_ASSUMED_WGS84;CONTINENT_DERIVED_FROM_COORDINATES;INSTITUTION_MATCH_FUZZY;COLLECTION_MATCH_FUZZY
864898672	85714c48-f762-11e1-a439-00145eb45e9a	https://herbarium.bgbm.org/object/B100243155	Plantae	Tracheophyta	Magnoliopsida	Magnoliales	Annonaceae	Hornschuchia	Hornschuchia bryotrophe		SPECIES	Hornschuchia bryotrophe Nees	Hornschuchia bryotrophe Nees		BR	Brazil: Vittoria, Bahia. Leg.: Sellow,F. s.n.		PRESENT		57254bd0-8256-11d8-b7ed-b8a03c50a862													5407556	5407556	PRESERVED_SPECIMEN	B	Herbarium Berolinense	B 10 0243155				CC0_1_0		Sellow,F.			2023-01-24T22:37:43.414Z	StillImage	CONTINENT_DERIVED_FROM_COUNTRY;INSTITUTION_MATCH_FUZZY
735468917	f4419c70-614f-11e2-897a-00145eb45e9a		Plantae	Tracheophyta	Magnoliopsida	Magnoliales	Annonaceae	Hornschuchia	Hornschuchia bryotrophe		SPECIES	Hornschuchia bryotrophe Nees	Hornschuchia bryotrophe Nees					PRESENT		021121c0-f040-11d8-b22f-b8a03c50a862													5407556	5407556	PRESERVED_SPECIMEN	ULM	Herbarium University Ulm	35215		Maas, P.J.M.		CC_BY_4_0					2023-01-25T12:41:31.785Z		COLLECTION_MATCH_NONE;INSTITUTION_MATCH_FUZZY
735468911	f4419c70-614f-11e2-897a-00145eb45e9a		Plantae	Tracheophyta	Magnoliopsida	Magnoliales	Annonaceae	Hornschuchia	Hornschuchia obliqua		SPECIES	Hornschuchia obliqua Maas & van Setten	Hornschuchia obliqua Maas & Setten					PRESENT		021121c0-f040-11d8-b22f-b8a03c50a862													5407557	5407557	PRESERVED_SPECIMEN	ULM	Herbarium University Ulm	11094		Johnson D.M.		CC_BY_4_0					2023-01-25T12:41:40.989Z		COLLECTION_MATCH_NONE;INSTITUTION_MATCH_FUZZY
735468910	f4419c70-614f-11e2-897a-00145eb45e9a		Plantae	Tracheophyta	Magnoliopsida	Magnoliales	Annonaceae	Hornschuchia	Hornschuchia polyantha		SPECIES	Hornschuchia polyantha Maas	Hornschuchia polyantha Maas					PRESENT		021121c0-f040-11d8-b22f-b8a03c50a862													5407559	5407559	PRESERVED_SPECIMEN	ULM	Herbarium University Ulm	11092		Johnson D.M.		CC_BY_4_0					2023-01-25T12:41:40.979Z		COLLECTION_MATCH_NONE;INSTITUTION_MATCH_FUZZY
735468909	f4419c70-614f-11e2-897a-00145eb45e9a		Plantae	Tracheophyta	Magnoliopsida	Magnoliales	Annonaceae	Hornschuchia	Hornschuchia leptandra		SPECIES	Hornschuchia leptandra D.M.Johnson	Hornschuchia leptandra D.M.Johnson					PRESENT		021121c0-f040-11d8-b22f-b8a03c50a862													5407563	5407563	PRESERVED_SPECIMEN	ULM	Herbarium University Ulm	11091		Johnson D.M.		CC_BY_4_0					2023-01-25T12:41:40.979Z		COLLECTION_MATCH_NONE;INSTITUTION_MATCH_FUZZY
439286978	b5cdf794-8fa4-4a85-8b26-755d087bf531	http://coldb.mnhn.fr/catalognumber/mnhn/p/p032535	Plantae	Tracheophyta	Magnoliopsida	Magnoliales	Annonaceae	Hornschuchia	Hornschuchia alba		SPECIES	Hornschuchia alba (A.St.-Hil.) R.E.Fr.	Hornschuchia alba (Saint-Hilaire) R.E.Fr.	(Saint-Hilaire) R.E.Fr.	BR			PRESENT		2cd829bb-b713-433d-99cf-64bef11e5b3e													5407558	5407558	PRESERVED_SPECIMEN	MNHN	P	P032535		Johnson		CC_BY_4_0		Saint-Hilaire, A. de			2023-01-26T07:54:51.827Z	StillImage	CONTINENT_DERIVED_FROM_COUNTRY;COLLECTION_MATCH_FUZZY
439257789	b5cdf794-8fa4-4a85-8b26-755d087bf531	http://coldb.mnhn.fr/catalognumber/mnhn/p/p01954536	Plantae	Tracheophyta	Magnoliopsida	Magnoliales	Annonaceae	Hornschuchia	Hornschuchia obliqua		SPECIES	Hornschuchia obliqua Maas & van Setten	Hornschuchia obliqua Maas & Setten	Maas & Setten				PRESENT		2cd829bb-b713-433d-99cf-64bef11e5b3e													5407557	5407557	PRESERVED_SPECIMEN	MNHN	P	P01954536				CC_BY_4_0					2023-01-26T07:55:15.250Z	StillImage	COLLECTION_MATCH_FUZZY
439022956	b5cdf794-8fa4-4a85-8b26-755d087bf531	http://coldb.mnhn.fr/catalognumber/mnhn/p/p01954539	Plantae	Tracheophyta	Magnoliopsida	Magnoliales	Annonaceae	Hornschuchia	Hornschuchia bryotrophe		SPECIES	Hornschuchia bryotrophe Nees	Hornschuchia bryotrophe Nees	Nees				PRESENT		2cd829bb-b713-433d-99cf-64bef11e5b3e													5407556	5407556	PRESERVED_SPECIMEN	MNHN	P	P01954539				CC_BY_4_0					2023-01-26T07:55:21.215Z	StillImage	COLLECTION_MATCH_FUZZY
438689581	b5cdf794-8fa4-4a85-8b26-755d087bf531	http://coldb.mnhn.fr/catalognumber/mnhn/p/p01954537	Plantae	Tracheophyta	Magnoliopsida	Magnoliales	Annonaceae	Hornschuchia	Hornschuchia bryotrophe		SPECIES	Hornschuchia bryotrophe Nees	Hornschuchia bryotrophe Nees	Nees				PRESENT		2cd829bb-b713-433d-99cf-64bef11e5b3e													5407556	5407556	PRESERVED_SPECIMEN	MNHN	P	P01954537				CC_BY_4_0					2023-01-26T07:55:27.919Z	StillImage	COLLECTION_MATCH_FUZZY
438547914	b5cdf794-8fa4-4a85-8b26-755d087bf531	http://coldb.mnhn.fr/catalognumber/mnhn/p/p01954540	Plantae	Tracheophyta	Magnoliopsida	Magnoliales	Annonaceae	Hornschuchia			GENUS	Hornschuchia Nees	Hornschuchia sp.					PRESENT		2cd829bb-b713-433d-99cf-64bef11e5b3e													3158449		PRESERVED_SPECIMEN	MNHN	P	P01954540				CC_BY_4_0					2023-01-26T07:54:49.060Z	StillImage	COLLECTION_MATCH_FUZZY
438126545	b5cdf794-8fa4-4a85-8b26-755d087bf531	http://coldb.mnhn.fr/catalognumber/mnhn/p/p01954535	Plantae	Tracheophyta	Magnoliopsida	Magnoliales	Annonaceae	Hornschuchia	Hornschuchia polyantha		SPECIES	Hornschuchia polyantha Maas	Hornschuchia polyantha Maas	Maas				PRESENT		2cd829bb-b713-433d-99cf-64bef11e5b3e													5407559	5407559	PRESERVED_SPECIMEN	MNHN	P	P01954535				CC_BY_4_0					2023-01-26T07:55:16.491Z	StillImage	COLLECTION_MATCH_FUZZY
438023512	b5cdf794-8fa4-4a85-8b26-755d087bf531	http://coldb.mnhn.fr/catalognumber/mnhn/p/p01954538	Plantae	Tracheophyta	Magnoliopsida	Magnoliales	Annonaceae	Hornschuchia	Hornschuchia bryotrophe		SPECIES	Hornschuchia bryotrophe Nees	Hornschuchia bryotrophe Nees	Nees				PRESENT		2cd829bb-b713-433d-99cf-64bef11e5b3e													5407556	5407556	PRESERVED_SPECIMEN	MNHN	P	P01954538				CC_BY_4_0					2023-01-26T07:55:21.198Z	StillImage	COLLECTION_MATCH_FUZZY
437025478	b5cdf794-8fa4-4a85-8b26-755d087bf531	http://coldb.mnhn.fr/catalognumber/mnhn/p/p01963658	Plantae	Tracheophyta	Magnoliopsida	Magnoliales	Annonaceae	Hornschuchia	Hornschuchia lianarum		SPECIES	Hornschuchia lianarum D.M.Johnson & N.A.Murray	Hornschuchia lianarum D.M.Johnson	D.M.Johnson				PRESENT		2cd829bb-b713-433d-99cf-64bef11e5b3e													5407564	5407564	PRESERVED_SPECIMEN	MNHN	P	P01963658				CC_BY_4_0					2023-01-26T07:55:24.577Z	StillImage	COLLECTION_MATCH_FUZZY
4002783340	a8e78a51-12b2-4ca1-8945-6d909022ef6a	BRA:UFRB:HURB:29278	Plantae	Tracheophyta	Magnoliopsida	Magnoliales	Annonaceae	Hornschuchia	Hornschuchia bryotrophe		SPECIES	Hornschuchia bryotrophe Nees	Hornschuchia bryotrophe	Nees	BR	Comboios.	Espírito Santo	PRESENT		6cc5aff1-f24c-4d67-a827-a666dc680b66									1992-10-28T00:00:00	28	10	1992	5407556	5407556	PRESERVED_SPECIMEN	UFRB	HURB	29278	4019			CC_BY_NC_4_0	HURB - Herbário do Recôncavo da Bahia	O.J.Pereira; J.M.L.Gomes & J.M.Simões			2023-01-25T08:10:56.691Z		CONTINENT_DERIVED_FROM_COUNTRY;INSTITUTION_MATCH_NONE
3948554365	1e0f3d99-eb02-4806-b6a4-e903568129ec	BRA:UFPE:UFP:36952	Plantae	Tracheophyta	Magnoliopsida	Magnoliales	Annonaceae	Hornschuchia	Hornschuchia bryotrophe		SPECIES	Hornschuchia bryotrophe Nees	Hornschuchia bryotrophe	Nees	BR	Engenho de Conceição Velha	Pernambuco	PRESENT		b7ea834f-8d60-40ea-ab2c-5057000f0afd									1997-12-09T00:00:00	9	12	1997	5407556	5407556	PRESERVED_SPECIMEN	UFPE	UFP	36952	51	Bazante, ML	2022-09-01T00:00:00	CC_BY_NC_4_0	UFP - Herbário UFP - Geraldo Mariz	Tavares, S; Lima, D; Maciel, M; Alves, M			2023-01-27T12:16:49.400Z		CONTINENT_DERIVED_FROM_COUNTRY;INSTITUTION_MATCH_NONE
3912983357	021cf0d3-aae6-417d-8682-ae535d17de89	urn:catalog:catalogo-ucs-brasil:RB:RB00042092	Plantae	Tracheophyta	Magnoliopsida	Magnoliales	Annonaceae	Hornschuchia	Hornschuchia alba		SPECIES	Hornschuchia alba (A.St.-Hil.) R.E.Fr.	Hornschuchia alba (A.St.-Hil.) R.E.Fr.	Angiospermas				PRESENT		838537fc-4aeb-4980-8b58-97fbdcd1d91a													5407558	5407558	PRESERVED_SPECIMEN		Rio de Janeiro Botanical Garden Herbarium	RB00042092	8818			CC_BY_4_0	Jardim Botânico do Rio de Janeiro	P.J.M. Maas			2023-01-24T14:57:28.435Z		INSTITUTION_MATCH_NONE
3912975041	021cf0d3-aae6-417d-8682-ae535d17de89	urn:catalog:catalogo-ucs-brasil:MBML:MBML037745	Plantae	Tracheophyta	Magnoliopsida	Magnoliales	Annonaceae	Hornschuchia	Hornschuchia bryotrophe		SPECIES	Hornschuchia bryotrophe Nees	Hornschuchia bryotrophe Nees	Angiospermas	BR	Reserva Biológica de Duas Bocas. Localidade de Duas Bocas, Trilha do Pescador. Floresta Ombrófila Densa Baixo Montana.	Espírito Santo	PRESENT		838537fc-4aeb-4980-8b58-97fbdcd1d91a	-20.278889	-40.478333							2008-10-20T00:00:00	20	10	2008	5407556	5407556	PRESERVED_SPECIMEN		MBML	MBML037745	5000	Lopes, J.C.		CC_BY_4_0	MBML	P.H. Labiak			2023-01-24T14:57:17.673Z		COORDINATE_ROUNDED;GEODETIC_DATUM_ASSUMED_WGS84;CONTINENT_DERIVED_FROM_COORDINATES;INSTITUTION_MATCH_NONE
3912831511	4300f8d5-1ae5-49e5-a101-63894b005868	urn:catalog:JBRJ:RB:1465550	Plantae	Tracheophyta	Magnoliopsida	Magnoliales	Annonaceae	Hornschuchia	Hornschuchia leptandra		SPECIES	Hornschuchia leptandra D.M.Johnson	Hornschuchia leptandra D.M.Johnson	D.M.Johnson	BR	Algodão. Mata ombrófila densa.	Bahia	PRESENT		838537fc-4aeb-4980-8b58-97fbdcd1d91a	-12.166667	-37.966667							2018-10-27T00:00:00	27	10	2018	5407563	5407563	PRESERVED_SPECIMEN	JBRJ	RB	RB01465550	2069			CC_BY_4_0	Rio de Janeiro Botanical Garden	Popovkin, A.V.; Dias, M.F.			2023-01-24T20:26:36.831Z		COORDINATE_ROUNDED;GEODETIC_DATUM_ASSUMED_WGS84;CONTINENT_DERIVED_FROM_COORDINATES;INSTITUTION_MATCH_FUZZY;COLLECTION_MATCH_FUZZY
3867502691	7b203230-ba55-4da6-9274-e1d7b1b95987	BRA:FFCLRP:SPFR:14162	Plantae	Tracheophyta	Magnoliopsida	Magnoliales	Annonaceae	Hornschuchia	Hornschuchia bryotrophe		SPECIES	Hornschuchia bryotrophe Nees	Hornschuchia bryotrophe	Ness	BR	ca 25,1km na estrada Itabela-Guaratinga, saindo da BR-101. Entrada em estrada de terra à direita, no sentido Itabela-Guaratinga.	Bahia	PRESENT		e1475b95-d1f7-4f3a-9f3e-e681676abb18	-16.563389	-39.752639							2009-01-24T00:00:00	24	1	2009	5407556	5407556	PRESERVED_SPECIMEN	FFCLRP	SPFR	14162	1808	Lopes, J.C	2013-01-01T00:00:00	CC_BY_NC_4_0	SPFR - Herbário do Departamento de Biologia da FFCLRP-USP	Groppo, M.; Bruniera, C.P.; Bueno, G.M.			2023-01-26T06:55:14.239Z		GEODETIC_DATUM_ASSUMED_WGS84;CONTINENT_DERIVED_FROM_COORDINATES;INSTITUTION_MATCH_NONE
3862607485	c5427427-07fc-4449-ba86-25f19cd47482	03C887E40104FFC8FD8AFE43FBF17DF9.mc.3B093CAF0105FFC5FCE4FA85FBAC7953	Plantae	Tracheophyta	Magnoliopsida	Magnoliales	Annonaceae	Hornschuchia	Hornschuchia bryotrophe		SPECIES	Hornschuchia bryotrophe Nees	Hornschuchia bryotrophe Nees	Nees				PRESENT	1	7ce8aef0-9e92-11dc-8738-b8a03c50a862													5407556	5407556	MATERIAL_CITATION		SPF					CC0_1_0		J. C. Lopes			2023-01-25T08:47:54.457Z		OCCURRENCE_STATUS_INFERRED_FROM_INDIVIDUAL_COUNT
3862607484	c5427427-07fc-4449-ba86-25f19cd47482	03C887E40104FFC8FD8AFE43FBF17DF9.mc.3B093CAF0105FFC5FF6BFA31FD587A1F	Plantae	Tracheophyta	Magnoliopsida	Magnoliales	Annonaceae	Hornschuchia	Hornschuchia bryotrophe		SPECIES	Hornschuchia bryotrophe Nees	Hornschuchia bryotrophe Nees	Nees				PRESENT	1	7ce8aef0-9e92-11dc-8738-b8a03c50a862													5407556	5407556	MATERIAL_CITATION		CEPEC	CEPEC00013256				CC0_1_0		S. A. Mori			2023-01-25T08:47:54.457Z		OCCURRENCE_STATUS_INFERRED_FROM_INDIVIDUAL_COUNT
3862607483	c5427427-07fc-4449-ba86-25f19cd47482	03C887E40104FFC8FD8AFE43FBF17DF9.mc.3B093CAF0105FFC5FC15FB1EFAE378FC	Plantae	Tracheophyta	Magnoliopsida	Magnoliales	Annonaceae	Hornschuchia	Hornschuchia bryotrophe		SPECIES	Hornschuchia bryotrophe Nees	Hornschuchia bryotrophe Nees	Nees				PRESENT	1	7ce8aef0-9e92-11dc-8738-b8a03c50a862													5407556	5407556	MATERIAL_CITATION		NY	NY00395787				CC0_1_0		J. G. Jardim			2023-01-25T08:47:54.456Z		OCCURRENCE_STATUS_INFERRED_FROM_INDIVIDUAL_COUNT
3862607482	c5427427-07fc-4449-ba86-25f19cd47482	03C887E40104FFC8FD8AFE43FBF17DF9.mc.3B093CAF0105FFC5FECFFA85FC877950	Plantae	Tracheophyta	Magnoliopsida	Magnoliales	Annonaceae	Hornschuchia	Hornschuchia bryotrophe		SPECIES	Hornschuchia bryotrophe Nees	Hornschuchia bryotrophe Nees	Nees				PRESENT	1	7ce8aef0-9e92-11dc-8738-b8a03c50a862													5407556	5407556	MATERIAL_CITATION		NY	NY00395784				CC0_1_0		J. G. Kuhlmann			2023-01-25T08:47:54.456Z		OCCURRENCE_STATUS_INFERRED_FROM_INDIVIDUAL_COUNT
3862607481	c5427427-07fc-4449-ba86-25f19cd47482	03C887E40114FFDAFD89F9D9FB1C7E49.mc.3B093CAF0115FFD5FEC3FEE9FD787DB2	Plantae	Tracheophyta	Magnoliopsida	Magnoliales	Annonaceae	Hornschuchia	Hornschuchia polyantha		SPECIES	Hornschuchia polyantha Maas	Hornschuchia polyantha Maas	Maas	BR	Sao Jose da Vitoria	Bahia	PRESENT	1	7ce8aef0-9e92-11dc-8738-b8a03c50a862	-15.105278	-39.288887			500.0				2003-02-05T00:00:00	5	2	2003	5407559	5407559	MATERIAL_CITATION		BR, P, CEPEC, NY, RB, SPF	CEPEC00096080, NY00821927, RB00484690				CC0_1_0					2023-01-25T08:47:54.455Z		GEODETIC_DATUM_ASSUMED_WGS84;CONTINENT_DERIVED_FROM_COORDINATES;OCCURRENCE_STATUS_INFERRED_FROM_INDIVIDUAL_COUNT
3862607480	c5427427-07fc-4449-ba86-25f19cd47482	03C887E4011AFFDBFDE8FD42FB147BE6.mc.3B093CAF011AFFDAFC91FD21FAE67F0F	Plantae	Tracheophyta	Magnoliopsida	Magnoliales	Annonaceae	Hornschuchia	Hornschuchia santosii		SPECIES	Hornschuchia santosii D.M.Johnson	Hornschuchia santosii D. M. Johnson	D. M. Johnson	BR	Teixeira de Freitas	Bahia	PRESENT	1	7ce8aef0-9e92-11dc-8738-b8a03c50a862													5407562	5407562	MATERIAL_CITATION							CC0_1_0		de Freitas	TYPE		2023-01-25T08:47:54.455Z		CONTINENT_DERIVED_FROM_COUNTRY;OCCURRENCE_STATUS_INFERRED_FROM_INDIVIDUAL_COUNT
3862607479	c5427427-07fc-4449-ba86-25f19cd47482	03C887E40106FFC4FDE6FECEFE1C7D48.mc.3B093CAF0106FFC6FCE7FC16FB3F781E	Plantae	Tracheophyta	Magnoliopsida	Magnoliales	Annonaceae	Hornschuchia	Hornschuchia alba		SPECIES	Hornschuchia alba (A.St.-Hil.) R.E.Fr.	Hornschuchia alba		BR	Fazenda of Jose Goncalves	Rio de Janeiro	PRESENT	1	7ce8aef0-9e92-11dc-8738-b8a03c50a862	-22.783333	-41.95			120.0				1999-02-08T00:00:00	8	2	1999	5407558	5407558	MATERIAL_CITATION		NY, RB, SPF	NY02699049, RB00042092				CC0_1_0		P. J. Maas			2023-01-25T08:47:54.454Z		GEODETIC_DATUM_ASSUMED_WGS84;CONTINENT_DERIVED_FROM_COORDINATES;OCCURRENCE_STATUS_INFERRED_FROM_INDIVIDUAL_COUNT
3862607478	c5427427-07fc-4449-ba86-25f19cd47482	03C887E40106FFC4FDE6FECEFE1C7D48.mc.3B093CAF0106FFC6FB7DFE20FBE07E45	Plantae	Tracheophyta	Magnoliopsida	Magnoliales	Annonaceae	Hornschuchia	Hornschuchia alba		SPECIES	Hornschuchia alba (A.St.-Hil.) R.E.Fr.	Hornschuchia alba		BR	Ponta de l'Est au Cap Frio	Rio de Janeiro	PRESENT	1	7ce8aef0-9e92-11dc-8738-b8a03c50a862													5407558	5407558	MATERIAL_CITATION		P, MPU, S	P032535, MPU026907, S-R-7077				CC0_1_0		A. Saint-Hilaire	HOLOTYPE		2023-01-25T08:47:54.453Z		CONTINENT_DERIVED_FROM_COUNTRY;OCCURRENCE_STATUS_INFERRED_FROM_INDIVIDUAL_COUNT
3862607477	c5427427-07fc-4449-ba86-25f19cd47482	03C887E40104FFC8FD8AFE43FBF17DF9.mc.3B093CAF0105FFC5FE45FD1DFB6A7F33	Plantae	Tracheophyta	Magnoliopsida	Magnoliales	Annonaceae	Hornschuchia	Hornschuchia bryotrophe		SPECIES	Hornschuchia bryotrophe Nees	Hornschuchia bryotrophe Nees	Nees	BR	Mata das Tres Passagens	Rio de Janeiro	PRESENT	1	7ce8aef0-9e92-11dc-8738-b8a03c50a862	-8.392138	-35.090637							1997-12-09T00:00:00	9	12	1997	5407556	5407556	MATERIAL_CITATION		S, NY	NY01017923				CC0_1_0		Tavares			2023-01-25T08:47:54.453Z		COORDINATE_ROUNDED;GEODETIC_DATUM_ASSUMED_WGS84;CONTINENT_DERIVED_FROM_COORDINATES;OCCURRENCE_STATUS_INFERRED_FROM_INDIVIDUAL_COUNT
3862607476	c5427427-07fc-4449-ba86-25f19cd47482	03C887E40117FFD4FDE0FB73FA8C79EE.mc.3B093CAF0117FFD7FC7BF86CFAE77BE7	Plantae	Tracheophyta	Magnoliopsida	Magnoliales	Annonaceae	Hornschuchia	Hornschuchia obliqua		SPECIES	Hornschuchia obliqua Maas & van Setten	Hornschuchia obliqua Maas & Setten	Maas & Setten	US	Serra Grande		PRESENT	1	7ce8aef0-9e92-11dc-8738-b8a03c50a862	-14.416667	-39.016666							1992-10-06T00:00:00	6	10	1992	5407557	5407557	MATERIAL_CITATION		CEPEC, NY, RB, US	CEPEC00056662, 00395802, NY00395803, RB00042097, US01346586				CC0_1_0		A. M. Amorim			2023-01-25T08:47:54.452Z		GEODETIC_DATUM_ASSUMED_WGS84;COUNTRY_COORDINATE_MISMATCH;CONTINENT_DERIVED_FROM_COORDINATES;OCCURRENCE_STATUS_INFERRED_FROM_INDIVIDUAL_COUNT
3862607475	c5427427-07fc-4449-ba86-25f19cd47482	03C887E40111FFD7FDBEFDAEFDED7878.mc.3B093CAF0116FFD6FB48FE7BFC847E4A	Plantae	Tracheophyta	Magnoliopsida	Magnoliales	Annonaceae	Hornschuchia	Hornschuchia myrtillus		SPECIES	Hornschuchia myrtillus Nees	Hornschuchia myrtillus Nees	Nees	BR	de Prop. de Etevaldo Rezende da Silva	Bahia	PRESENT	1	7ce8aef0-9e92-11dc-8738-b8a03c50a862	-17.138056	-40.426113							2004-12-29T00:00:00	29	12	2004	5407555	5407555	MATERIAL_CITATION		SPF, CEPEC, NY	CEPEC00106981, NY01873567				CC0_1_0		A. M. Amorim			2023-01-25T08:47:54.452Z		GEODETIC_DATUM_ASSUMED_WGS84;CONTINENT_DERIVED_FROM_COORDINATES;OCCURRENCE_STATUS_INFERRED_FROM_INDIVIDUAL_COUNT
3862607474	c5427427-07fc-4449-ba86-25f19cd47482	03C887E40117FFD4FDE0FB73FA8C79EE.mc.3B093CAF0117FFD7FE15F930FBA77B3A	Plantae	Tracheophyta	Magnoliopsida	Magnoliales	Annonaceae	Hornschuchia	Hornschuchia obliqua		SPECIES	Hornschuchia obliqua Maas & van Setten	Hornschuchia obliqua Maas & Setten	Maas & Setten	US	Serra Grande		PRESENT	1	7ce8aef0-9e92-11dc-8738-b8a03c50a862	-14.423334	-39.060555							1995-11-15T00:00:00	15	11	1995	5407557	5407557	MATERIAL_CITATION		ALCB, CEPEC, MBM	ALCB004564, CEPEC00068119, MBM194749				CC0_1_0		W. W. Thomas			2023-01-25T08:47:54.451Z		GEODETIC_DATUM_ASSUMED_WGS84;COUNTRY_COORDINATE_MISMATCH;CONTINENT_DERIVED_FROM_COORDINATES;OCCURRENCE_STATUS_INFERRED_FROM_INDIVIDUAL_COUNT
3862607473	c5427427-07fc-4449-ba86-25f19cd47482	03C887E40110FFD1FE2DFCB5FAFA7E25.mc.3B093CAF0110FFD0FCFAFC1DFCBD786D	Plantae	Tracheophyta	Magnoliopsida	Magnoliales	Annonaceae	Hornschuchia	Hornschuchia mellosilvae		SPECIES	Hornschuchia mellosilvae L.Vilela & J.C.Lopes	Hornschuchia mellosilvae L. Vilela & J. C. Lopes	L. Vilela & J. C. Lopes	BR	Almadina	Bahia	PRESENT	1	7ce8aef0-9e92-11dc-8738-b8a03c50a862	-14.640833	-39.713055							2005-03-12T00:00:00	12	3	2005	11773902	11773902	MATERIAL_CITATION		SPF, CEPEC, NY	SPF00168936, CEPEC00104268, NY01282018				CC0_1_0		P. Fiaschi	HOLOTYPE		2023-01-25T08:47:54.450Z		GEODETIC_DATUM_ASSUMED_WGS84;CONTINENT_DERIVED_FROM_COORDINATES;OCCURRENCE_STATUS_INFERRED_FROM_INDIVIDUAL_COUNT
3862607472	c5427427-07fc-4449-ba86-25f19cd47482	03C887E40104FFC8FD8AFE43FBF17DF9.mc.3B093CAF0104FFC4FD23F9E5FD4B7A6F	Plantae	Tracheophyta	Magnoliopsida	Magnoliales	Annonaceae	Hornschuchia	Hornschuchia bryotrophe		SPECIES	Hornschuchia bryotrophe Nees	Hornschuchia bryotrophe Nees	Nees	BR	Comboios	Espirito Santo	PRESENT	1	7ce8aef0-9e92-11dc-8738-b8a03c50a862	-19.744473	-40.000195							1992-07-27T00:00:00	27	7	1992	5407556	5407556	MATERIAL_CITATION		O, J, VIES	VIES008830				CC0_1_0		Pereira			2023-01-25T08:47:54.450Z		GEODETIC_DATUM_ASSUMED_WGS84;CONTINENT_DERIVED_FROM_COORDINATES;OCCURRENCE_STATUS_INFERRED_FROM_INDIVIDUAL_COUNT
3862607471	c5427427-07fc-4449-ba86-25f19cd47482	03C887E40114FFDAFD89F9D9FB1C7E49.mc.3B093CAF0115FFD5FAD3FE29FD2C7E5B	Plantae	Tracheophyta	Magnoliopsida	Magnoliales	Annonaceae	Hornschuchia	Hornschuchia polyantha		SPECIES	Hornschuchia polyantha Maas	Hornschuchia polyantha Maas	Maas	BR	Itajuipe	Bahia	PRESENT	1	7ce8aef0-9e92-11dc-8738-b8a03c50a862	-14.528527	-39.35111							1965-04-24T00:00:00	24	4	1965	5407559	5407559	MATERIAL_CITATION		CEPEC	CEPEC00001279				CC0_1_0		R. P. Belem			2023-01-25T08:47:54.449Z		GEODETIC_DATUM_ASSUMED_WGS84;CONTINENT_DERIVED_FROM_COORDINATES;OCCURRENCE_STATUS_INFERRED_FROM_INDIVIDUAL_COUNT
3862607470	c5427427-07fc-4449-ba86-25f19cd47482	03C887E40104FFC8FD8AFE43FBF17DF9.mc.3B093CAF0104FFC5FB91F808FAF47D49	Plantae	Tracheophyta	Magnoliopsida	Magnoliales	Annonaceae	Hornschuchia	Hornschuchia bryotrophe		SPECIES	Hornschuchia bryotrophe Nees	Hornschuchia bryotrophe Nees	Nees	BR	Sao Rafael. Mata	Espirito Santo	PRESENT	1	7ce8aef0-9e92-11dc-8738-b8a03c50a862	-19.411806	-40.476166			200.0				2011-01-19T00:00:00	19	1	2011	5407556	5407556	MATERIAL_CITATION		P, MBML, RB, SPF	MBML042352, RB00681608				CC0_1_0		Fiaschi			2023-01-25T08:47:54.448Z		GEODETIC_DATUM_ASSUMED_WGS84;CONTINENT_DERIVED_FROM_COORDINATES;OCCURRENCE_STATUS_INFERRED_FROM_INDIVIDUAL_COUNT
3862607469	c5427427-07fc-4449-ba86-25f19cd47482	03C887E40114FFDAFD89F9D9FB1C7E49.mc.3B093CAF0115FFD5FAD7FDA4FAE77EC6	Plantae	Tracheophyta	Magnoliopsida	Magnoliales	Annonaceae	Hornschuchia	Hornschuchia polyantha		SPECIES	Hornschuchia polyantha Maas	Hornschuchia polyantha Maas	Maas	BR	rio Pardo	Bahia	PRESENT	1	7ce8aef0-9e92-11dc-8738-b8a03c50a862	-15.613973	-39.3825							2008-10-26T00:00:00	26	10	2008	5407559	5407559	MATERIAL_CITATION		R, SPF					CC0_1_0					2023-01-25T08:47:54.448Z		GEODETIC_DATUM_ASSUMED_WGS84;CONTINENT_DERIVED_FROM_COORDINATES;OCCURRENCE_STATUS_INFERRED_FROM_INDIVIDUAL_COUNT
3862607468	c5427427-07fc-4449-ba86-25f19cd47482	03C887E40108FFC9FDFFFDF0FE017E9A.mc.3B093CAF0108FFC8FC4BFC03FB0A780A	Plantae	Tracheophyta	Magnoliopsida	Magnoliales	Annonaceae	Hornschuchia	Hornschuchia cauliflora		SPECIES	Hornschuchia cauliflora Maas & van Setten	Hornschuchia cauliflora Maas & Setten	Maas & Setten	BR	Fazenda Limeira	Bahia	PRESENT	1	7ce8aef0-9e92-11dc-8738-b8a03c50a862	-12.909721	-39.15278							2015-10-18T00:00:00	18	10	2015	5407560	5407560	MATERIAL_CITATION		ALCB	ALCB030994				CC0_1_0		G. Costa			2023-01-25T08:47:54.447Z		GEODETIC_DATUM_ASSUMED_WGS84;CONTINENT_DERIVED_FROM_COORDINATES;OCCURRENCE_STATUS_INFERRED_FROM_INDIVIDUAL_COUNT
3862607467	c5427427-07fc-4449-ba86-25f19cd47482	03C887E40104FFC8FD8AFE43FBF17DF9.mc.3B093CAF0105FFC5FC37FD8AFBC97EA3	Plantae	Tracheophyta	Magnoliopsida	Magnoliales	Annonaceae	Hornschuchia	Hornschuchia bryotrophe		SPECIES	Hornschuchia bryotrophe Nees	Hornschuchia bryotrophe Nees	Nees	BR	Rod.	Minas Gerais	PRESENT	1	7ce8aef0-9e92-11dc-8738-b8a03c50a862	-20.521944	-40.390335							1991-07-31T00:00:00	31	7	1991	5407556	5407556	MATERIAL_CITATION		M, CEPEC, SPF	CEPEC00064494				CC0_1_0		Johnson			2023-01-25T08:47:54.447Z		GEODETIC_DATUM_ASSUMED_WGS84;CONTINENT_DERIVED_FROM_COORDINATES;OCCURRENCE_STATUS_INFERRED_FROM_INDIVIDUAL_COUNT
3862607466	c5427427-07fc-4449-ba86-25f19cd47482	03C887E40106FFC4FDE6FECEFE1C7D48.mc.3B093CAF0106FFC6FB2FFB87FACB788E	Plantae	Tracheophyta	Magnoliopsida	Magnoliales	Annonaceae	Hornschuchia	Hornschuchia alba		SPECIES	Hornschuchia alba (A.St.-Hil.) R.E.Fr.	Hornschuchia alba		BR	Morro do Mico	Rio de Janeiro	PRESENT	1	7ce8aef0-9e92-11dc-8738-b8a03c50a862	-22.862612	-42.010693							2002-06-22T00:00:00	22	6	2002	5407558	5407558	MATERIAL_CITATION		RB, SPF	RB00451806				CC0_1_0		C. Farney			2023-01-25T08:47:54.446Z		GEODETIC_DATUM_ASSUMED_WGS84;CONTINENT_DERIVED_FROM_COORDINATES;OCCURRENCE_STATUS_INFERRED_FROM_INDIVIDUAL_COUNT
3862607465	c5427427-07fc-4449-ba86-25f19cd47482	03C887E40112FFD0FE15FA63FEA07F3A.mc.3B093CAF0112FFD2FF69F86AFB797BC8	Plantae	Tracheophyta	Magnoliopsida	Magnoliales	Annonaceae	Hornschuchia	Hornschuchia mediterranea		SPECIES	Hornschuchia mediterranea Mello-Silva & D.M.Johnson	Hornschuchia mediterranea Mello-Silva & D. M. Johnson	Mello-Silva & D. M. Johnson	BR	Itaju do Colonia-Itape	Bahia	PRESENT	1	7ce8aef0-9e92-11dc-8738-b8a03c50a862	-15.141267	-39.57915			275.0				2001-03-14T00:00:00	14	3	2001	11446011	11446011	MATERIAL_CITATION		SPF					CC0_1_0		W. W. Thomas			2023-01-25T08:47:54.445Z		GEODETIC_DATUM_ASSUMED_WGS84;CONTINENT_DERIVED_FROM_COORDINATES;OCCURRENCE_STATUS_INFERRED_FROM_INDIVIDUAL_COUNT
3862607464	c5427427-07fc-4449-ba86-25f19cd47482	03C887E40104FFC8FD8AFE43FBF17DF9.mc.3B093CAF0105FFC5FB75FB72FE5B78FF	Plantae	Tracheophyta	Magnoliopsida	Magnoliales	Annonaceae	Hornschuchia	Hornschuchia bryotrophe		SPECIES	Hornschuchia bryotrophe Nees	Hornschuchia bryotrophe Nees	Nees				PRESENT	1	7ce8aef0-9e92-11dc-8738-b8a03c50a862													5407556	5407556	MATERIAL_CITATION		ALCB	ALCB049674				CC0_1_0					2023-01-25T08:47:54.445Z		OCCURRENCE_STATUS_INFERRED_FROM_INDIVIDUAL_COUNT
3862607463	c5427427-07fc-4449-ba86-25f19cd47482	03C887E40104FFC8FD8AFE43FBF17DF9.mc.3B093CAF0104FFC4FE41FB92FC43789C	Plantae	Tracheophyta	Magnoliopsida	Magnoliales	Annonaceae	Hornschuchia	Hornschuchia bryotrophe		SPECIES	Hornschuchia bryotrophe Nees	Hornschuchia bryotrophe Nees	Nees	BR	Rodovia Ipiau-Ibirataia	Bahia	PRESENT	1	7ce8aef0-9e92-11dc-8738-b8a03c50a862	-14.105945	-39.677723							1971-11-13T00:00:00	13	11	1971	5407556	5407556	MATERIAL_CITATION		T, S, CEPEC, NY	CEPEC00008059, NY00395783				CC0_1_0		Santos			2023-01-25T08:47:54.444Z		GEODETIC_DATUM_ASSUMED_WGS84;CONTINENT_DERIVED_FROM_COORDINATES;OCCURRENCE_STATUS_INFERRED_FROM_INDIVIDUAL_COUNT
3862607462	c5427427-07fc-4449-ba86-25f19cd47482	03C887E40112FFD0FE15FA63FEA07F3A.mc.3B093CAF0112FFD2FCA5F9CFFE7B7AC0	Plantae	Tracheophyta	Magnoliopsida	Magnoliales	Annonaceae	Hornschuchia	Hornschuchia mediterranea		SPECIES	Hornschuchia mediterranea Mello-Silva & D.M.Johnson	Hornschuchia mediterranea Mello-Silva & D. M. Johnson	Mello-Silva & D. M. Johnson	BR	Jussari	Bahia	PRESENT	1	7ce8aef0-9e92-11dc-8738-b8a03c50a862	-15.138166	-39.57133			211.0				2008-10-28T00:00:00	28	10	2008	11446011	11446011	MATERIAL_CITATION		SPF, CEPEC, K, NY, OWU, RB, W	SPF00220462				CC0_1_0		R. Mello-Silva	HOLOTYPE		2023-01-25T08:47:54.443Z		GEODETIC_DATUM_ASSUMED_WGS84;CONTINENT_DERIVED_FROM_COORDINATES;OCCURRENCE_STATUS_INFERRED_FROM_INDIVIDUAL_COUNT
3862607461	c5427427-07fc-4449-ba86-25f19cd47482	03C887E40106FFC4FDE6FECEFE1C7D48.mc.3B093CAF0106FFC6FD46FCA6FAF57F74	Plantae	Tracheophyta	Magnoliopsida	Magnoliales	Annonaceae	Hornschuchia	Hornschuchia alba		SPECIES	Hornschuchia alba (A.St.-Hil.) R.E.Fr.	Hornschuchia alba		BR	Rancho Dez	Rio de Janeiro	PRESENT	1	7ce8aef0-9e92-11dc-8738-b8a03c50a862									1997-06-01T00:00:00		6	1997	5407558	5407558	MATERIAL_CITATION		RB	RB00372099				CC0_1_0		C. Farney			2023-01-25T08:47:54.443Z		CONTINENT_DERIVED_FROM_COUNTRY;OCCURRENCE_STATUS_INFERRED_FROM_INDIVIDUAL_COUNT
3862607460	c5427427-07fc-4449-ba86-25f19cd47482	03C887E40104FFC8FD8AFE43FBF17DF9.mc.3B093CAF0105FFC5FB21FC74FBEF7FFF	Plantae	Tracheophyta	Magnoliopsida	Magnoliales	Annonaceae	Hornschuchia	Hornschuchia bryotrophe		SPECIES	Hornschuchia bryotrophe Nees	Hornschuchia bryotrophe Nees	Nees	US	Jardim Botanico do Rio	Rio de Janeiro	PRESENT	1	7ce8aef0-9e92-11dc-8738-b8a03c50a862													5407556	5407556	MATERIAL_CITATION		RB	RB00042137				CC0_1_0		Locality			2023-01-25T08:47:54.442Z		OCCURRENCE_STATUS_INFERRED_FROM_INDIVIDUAL_COUNT
3862607459	c5427427-07fc-4449-ba86-25f19cd47482	03C887E40109FFCCFDE7FD14FEB77D9C.mc.3B093CAF010EFFCEFB70FD52FAF77EDC	Plantae	Tracheophyta	Magnoliopsida	Magnoliales	Annonaceae	Hornschuchia	Hornschuchia citriodora		SPECIES	Hornschuchia citriodora D.M.Johnson	Hornschuchia citriodora D. M. Johnson	D. M. Johnson	BR	Estrada Municipal	Espirito Santo	PRESENT	1	7ce8aef0-9e92-11dc-8738-b8a03c50a862	-19.116667	-40.033333			64.0				1999-02-13T00:00:00	13	2	1999	5407561	5407561	MATERIAL_CITATION		NY	NY02699057, NY02699056				CC0_1_0		P. M. J. Maas			2023-01-25T08:47:54.442Z		GEODETIC_DATUM_ASSUMED_WGS84;CONTINENT_DERIVED_FROM_COORDINATES;OCCURRENCE_STATUS_INFERRED_FROM_INDIVIDUAL_COUNT
3862607458	c5427427-07fc-4449-ba86-25f19cd47482	03C887E40104FFC8FD8AFE43FBF17DF9.mc.3B093CAF0105FFC5FF07FB3AFABE791B	Plantae	Tracheophyta	Magnoliopsida	Magnoliales	Annonaceae	Hornschuchia	Hornschuchia bryotrophe		SPECIES	Hornschuchia bryotrophe Nees	Hornschuchia bryotrophe Nees	Nees				PRESENT	1	7ce8aef0-9e92-11dc-8738-b8a03c50a862													5407556	5407556	MATERIAL_CITATION		CEPEC, RB, SPF	CEPEC00064214, RB00852603				CC0_1_0		J. G. Jardim			2023-01-25T08:47:54.441Z		OCCURRENCE_STATUS_INFERRED_FROM_INDIVIDUAL_COUNT
3862607457	c5427427-07fc-4449-ba86-25f19cd47482	03C887E40104FFC8FD8AFE43FBF17DF9.mc.3B093CAF0105FFC5FB52FCADFB4D7FC3	Plantae	Tracheophyta	Magnoliopsida	Magnoliales	Annonaceae	Hornschuchia	Hornschuchia bryotrophe		SPECIES	Hornschuchia bryotrophe Nees	Hornschuchia bryotrophe Nees	Nees	US	Cachoeiras de Macacu		PRESENT	1	7ce8aef0-9e92-11dc-8738-b8a03c50a862	-22.660416	-42.75297							1951-02-26T00:00:00	26	2	1951	5407556	5407556	MATERIAL_CITATION		J, G, RB	RB00042134				CC0_1_0		Kuhlmann			2023-01-25T08:47:54.440Z		GEODETIC_DATUM_ASSUMED_WGS84;COUNTRY_COORDINATE_MISMATCH;CONTINENT_DERIVED_FROM_COORDINATES;OCCURRENCE_STATUS_INFERRED_FROM_INDIVIDUAL_COUNT
3862607456	c5427427-07fc-4449-ba86-25f19cd47482	03C887E40104FFC8FD8AFE43FBF17DF9.mc.3B093CAF0104FFC4FF6BF913FC2A7B54	Plantae	Tracheophyta	Magnoliopsida	Magnoliales	Annonaceae	Hornschuchia	Hornschuchia bryotrophe		SPECIES	Hornschuchia bryotrophe Nees	Hornschuchia bryotrophe Nees	Nees	BR	Ca	Espirito Santo	PRESENT	1	7ce8aef0-9e92-11dc-8738-b8a03c50a862	-20.53	-40.420002			40.0				1999-02-17T00:00:00	17	2	1999	5407556	5407556	MATERIAL_CITATION		R, CEPEC, MBM, NY, RB, SPF	BR 101, CEPEC00083584, MBM235550, NY01145439, NY01145438, RB00042129, RB00042117				CC0_1_0		Mello-Silva			2023-01-25T08:47:54.440Z		GEODETIC_DATUM_ASSUMED_WGS84;CONTINENT_DERIVED_FROM_COORDINATES;OCCURRENCE_STATUS_INFERRED_FROM_INDIVIDUAL_COUNT
3862607455	c5427427-07fc-4449-ba86-25f19cd47482	03C887E4011AFFDBFDE8FD42FB147BE6.mc.3B093CAF011AFFDAFE6CFC18FAE07FF6	Plantae	Tracheophyta	Magnoliopsida	Magnoliales	Annonaceae	Hornschuchia	Hornschuchia santosii		SPECIES	Hornschuchia santosii D.M.Johnson	Hornschuchia santosii D. M. Johnson	D. M. Johnson	BR	Bahia	Bahia	PRESENT	1	7ce8aef0-9e92-11dc-8738-b8a03c50a862	-15.061361	-39.24114							1982-02-09T00:00:00	9	2	1982	5407562	5407562	MATERIAL_CITATION		CEPEC, HEPH	HEPH00001087				CC0_1_0		A. M. de Carvalho			2023-01-25T08:47:54.439Z		GEODETIC_DATUM_ASSUMED_WGS84;CONTINENT_DERIVED_FROM_COORDINATES;OCCURRENCE_STATUS_INFERRED_FROM_INDIVIDUAL_COUNT
3862607454	c5427427-07fc-4449-ba86-25f19cd47482	03C887E40104FFC8FD8AFE43FBF17DF9.mc.3B093CAF0105FFC5FC48FAD9FF6E7953	Plantae	Tracheophyta	Magnoliopsida	Magnoliales	Annonaceae	Hornschuchia	Hornschuchia bryotrophe		SPECIES	Hornschuchia bryotrophe Nees	Hornschuchia bryotrophe Nees	Nees				PRESENT	1	7ce8aef0-9e92-11dc-8738-b8a03c50a862													5407556	5407556	MATERIAL_CITATION		NY, SPF	NY00227526				CC0_1_0		J. A. Kallunki			2023-01-25T08:47:54.439Z		OCCURRENCE_STATUS_INFERRED_FROM_INDIVIDUAL_COUNT
3862607453	c5427427-07fc-4449-ba86-25f19cd47482	03C887E40111FFD7FDBEFDAEFDED7878.mc.3B093CAF0116FFD6FC2BFECFFBE77D46	Plantae	Tracheophyta	Magnoliopsida	Magnoliales	Annonaceae	Hornschuchia	Hornschuchia myrtillus		SPECIES	Hornschuchia myrtillus Nees	Hornschuchia myrtillus Nees	Nees	BR	Ibitupa	Bahia	PRESENT	1	7ce8aef0-9e92-11dc-8738-b8a03c50a862	-14.641111	-39.713055							2005-02-01T00:00:00	1	2	2005	5407555	5407555	MATERIAL_CITATION		CEPEC, RB	CEPEC00112902, RB00495869				CC0_1_0		J. G. Jardim			2023-01-25T08:47:54.438Z		GEODETIC_DATUM_ASSUMED_WGS84;CONTINENT_DERIVED_FROM_COORDINATES;OCCURRENCE_STATUS_INFERRED_FROM_INDIVIDUAL_COUNT
3862607452	c5427427-07fc-4449-ba86-25f19cd47482	03C887E40111FFD7FDBEFDAEFDED7878.mc.3B093CAF0116FFD6FCE0FDEFFCEC7E66	Plantae	Tracheophyta	Magnoliopsida	Magnoliales	Annonaceae	Hornschuchia	Hornschuchia myrtillus		SPECIES	Hornschuchia myrtillus Nees	Hornschuchia myrtillus Nees	Nees	BR	Prado	Bahia	PRESENT	1	7ce8aef0-9e92-11dc-8738-b8a03c50a862									1994-02-17T00:00:00	17	2	1994	5407555	5407555	MATERIAL_CITATION		SPF, NY	NY00395815				CC0_1_0		J. R Pirani			2023-01-25T08:47:54.438Z		CONTINENT_DERIVED_FROM_COUNTRY;OCCURRENCE_STATUS_INFERRED_FROM_INDIVIDUAL_COUNT
3862607451	c5427427-07fc-4449-ba86-25f19cd47482	03C887E40114FFDAFD89F9D9FB1C7E49.mc.3B093CAF0114FFD4FF6BF8A5FE6C7BCB	Plantae	Tracheophyta	Magnoliopsida	Magnoliales	Annonaceae	Hornschuchia	Hornschuchia polyantha		SPECIES	Hornschuchia polyantha Maas	Hornschuchia polyantha Maas	Maas	BR	Lage do Banco	Bahia	PRESENT	1	7ce8aef0-9e92-11dc-8738-b8a03c50a862	-14.342999	-39.377136							1994-02-16T00:00:00	16	2	1994	5407559	5407559	MATERIAL_CITATION		W, J, A, CEPEC, NY, SPF	CEPEC00066789, NY00395790				CC0_1_0					2023-01-25T08:47:54.437Z		GEODETIC_DATUM_ASSUMED_WGS84;CONTINENT_DERIVED_FROM_COORDINATES;OCCURRENCE_STATUS_INFERRED_FROM_INDIVIDUAL_COUNT
3862607450	c5427427-07fc-4449-ba86-25f19cd47482	03C887E40114FFDAFD89F9D9FB1C7E49.mc.3B093CAF0115FFD5FF6BFBC1FE7E7849	Plantae	Tracheophyta	Magnoliopsida	Magnoliales	Annonaceae	Hornschuchia	Hornschuchia polyantha		SPECIES	Hornschuchia polyantha Maas	Hornschuchia polyantha Maas	Maas	BR		Bahia	PRESENT	1	7ce8aef0-9e92-11dc-8738-b8a03c50a862	-15.070833	-39.309723							1999-03-18T00:00:00	18	3	1999	5407559	5407559	MATERIAL_CITATION		CEPEC, NY, SPF	CEPEC00087825, NY00583368				CC0_1_0		J. G. Jardim			2023-01-25T08:47:54.437Z		GEODETIC_DATUM_ASSUMED_WGS84;CONTINENT_DERIVED_FROM_COORDINATES;OCCURRENCE_STATUS_INFERRED_FROM_INDIVIDUAL_COUNT
3862607449	c5427427-07fc-4449-ba86-25f19cd47482	03C887E40104FFC8FD8AFE43FBF17DF9.mc.3B093CAF0105FFC5FCD1F9DDFB417A3A	Plantae	Tracheophyta	Magnoliopsida	Magnoliales	Annonaceae	Hornschuchia	Hornschuchia bryotrophe		SPECIES	Hornschuchia bryotrophe Nees	Hornschuchia bryotrophe Nees	Nees				PRESENT	1	7ce8aef0-9e92-11dc-8738-b8a03c50a862													5407556	5407556	MATERIAL_CITATION		VIES	VIES008836				CC0_1_0		O. J. Pereira			2023-01-25T08:47:54.436Z		OCCURRENCE_STATUS_INFERRED_FROM_INDIVIDUAL_COUNT
3862607448	c5427427-07fc-4449-ba86-25f19cd47482	03C887E40104FFC8FD8AFE43FBF17DF9.mc.3B093CAF0105FFC5FA9EFB3AFC157937	Plantae	Tracheophyta	Magnoliopsida	Magnoliales	Annonaceae	Hornschuchia	Hornschuchia bryotrophe		SPECIES	Hornschuchia bryotrophe Nees	Hornschuchia bryotrophe Nees	Nees				PRESENT	1	7ce8aef0-9e92-11dc-8738-b8a03c50a862													5407556	5407556	MATERIAL_CITATION		K, NY, SPF	K001191170, NY00395780				CC0_1_0		J. A. Kallunki			2023-01-25T08:47:54.435Z		OCCURRENCE_STATUS_INFERRED_FROM_INDIVIDUAL_COUNT
3862607447	c5427427-07fc-4449-ba86-25f19cd47482	03C887E40106FFC4FDE6FECEFE1C7D48.mc.3B093CAF0106FFC6FF6BFC40FB3B7FAE	Plantae	Tracheophyta	Magnoliopsida	Magnoliales	Annonaceae	Hornschuchia	Hornschuchia alba		SPECIES	Hornschuchia alba (A.St.-Hil.) R.E.Fr.	Hornschuchia alba		BR	Fazenda Caravelas	Rio de Janeiro	PRESENT	1	7ce8aef0-9e92-11dc-8738-b8a03c50a862					80.0				1999-10-20T00:00:00	20	10	1999	5407558	5407558	MATERIAL_CITATION		SPF, RB	00452151				CC0_1_0		C. Farney			2023-01-25T08:47:54.435Z		CONTINENT_DERIVED_FROM_COUNTRY;OCCURRENCE_STATUS_INFERRED_FROM_INDIVIDUAL_COUNT
3862607446	c5427427-07fc-4449-ba86-25f19cd47482	03C887E4010CFFCDFDE4FE17FE5E7E22.mc.3B093CAF010CFFCCFADCFC87FA997FA8	Plantae	Tracheophyta	Magnoliopsida	Magnoliales	Annonaceae	Hornschuchia	Hornschuchia leptandra		SPECIES	Hornschuchia leptandra D.M.Johnson	Hornschuchia leptandra D. M. Johnson	D. M. Johnson	US	Itabuna		PRESENT	1	7ce8aef0-9e92-11dc-8738-b8a03c50a862									1992-10-09T00:00:00	9	10	1992	5407563	5407563	MATERIAL_CITATION		CEPEC, NY, US	CEPEC00056574, NY00395808, NY00395809, US01346585				CC0_1_0		A. M. Amorim			2023-01-25T08:47:54.434Z		OCCURRENCE_STATUS_INFERRED_FROM_INDIVIDUAL_COUNT
3862607445	c5427427-07fc-4449-ba86-25f19cd47482	03C887E40106FFC4FDE6FECEFE1C7D48.mc.3B093CAF0106FFC6FF6BFB4DFE8178C5	Plantae	Tracheophyta	Magnoliopsida	Magnoliales	Annonaceae	Hornschuchia	Hornschuchia alba		SPECIES	Hornschuchia alba (A.St.-Hil.) R.E.Fr.	Hornschuchia alba		BR	Farney	Rio de Janeiro	PRESENT	1	7ce8aef0-9e92-11dc-8738-b8a03c50a862									1997-08-27T00:00:00	27	8	1997	5407558	5407558	MATERIAL_CITATION		CEPEC, MBM, R, SPF	CEPEC00118741, MBM325079, RB00043047				CC0_1_0		C. Farney			2023-01-25T08:47:54.434Z		CONTINENT_DERIVED_FROM_COUNTRY;OCCURRENCE_STATUS_INFERRED_FROM_INDIVIDUAL_COUNT
3862607444	c5427427-07fc-4449-ba86-25f19cd47482	03C887E40104FFC8FD8AFE43FBF17DF9.mc.3B093CAF0105FFC5FB77F9A4FAE37A72	Plantae	Tracheophyta	Magnoliopsida	Magnoliales	Annonaceae	Hornschuchia	Hornschuchia bryotrophe		SPECIES	Hornschuchia bryotrophe Nees	Hornschuchia bryotrophe Nees	Nees				PRESENT	1	7ce8aef0-9e92-11dc-8738-b8a03c50a862													5407556	5407556	MATERIAL_CITATION		SPF					CC0_1_0		C. Rocini			2023-01-25T08:47:54.433Z		OCCURRENCE_STATUS_INFERRED_FROM_INDIVIDUAL_COUNT
3862607443	c5427427-07fc-4449-ba86-25f19cd47482	03C887E40104FFC8FD8AFE43FBF17DF9.mc.3B093CAF0105FFC5FF6BFBAAFCF27888	Plantae	Tracheophyta	Magnoliopsida	Magnoliales	Annonaceae	Hornschuchia	Hornschuchia bryotrophe		SPECIES	Hornschuchia bryotrophe Nees	Hornschuchia bryotrophe Nees	Nees	BR	BRAZIL		PRESENT	1	7ce8aef0-9e92-11dc-8738-b8a03c50a862													5407556	5407556	MATERIAL_CITATION		MBML, SPF	MBML09241				CC0_1_0		V. Demuner			2023-01-25T08:47:54.433Z		CONTINENT_DERIVED_FROM_COUNTRY;OCCURRENCE_STATUS_INFERRED_FROM_INDIVIDUAL_COUNT
3862607442	c5427427-07fc-4449-ba86-25f19cd47482	03C887E40104FFC8FD8AFE43FBF17DF9.mc.3B093CAF0104FFC4FD2AF980FCAA7A8A	Plantae	Tracheophyta	Magnoliopsida	Magnoliales	Annonaceae	Hornschuchia	Hornschuchia bryotrophe		SPECIES	Hornschuchia bryotrophe Nees	Hornschuchia bryotrophe Nees	Nees	BR	Picua	Espirito Santo	PRESENT	1	7ce8aef0-9e92-11dc-8738-b8a03c50a862	-19.842056	-40.332775							2011-06-04T00:00:00	4	6	2011	5407556	5407556	MATERIAL_CITATION		C, L, MBML	MBML044614				CC0_1_0		Dalmonech			2023-01-25T08:47:54.432Z		GEODETIC_DATUM_ASSUMED_WGS84;CONTINENT_DERIVED_FROM_COORDINATES;OCCURRENCE_STATUS_INFERRED_FROM_INDIVIDUAL_COUNT
3862607441	c5427427-07fc-4449-ba86-25f19cd47482	03C887E40106FFC4FDE6FECEFE1C7D48.mc.3B093CAF0106FFC6FF19FB86FB487855	Plantae	Tracheophyta	Magnoliopsida	Magnoliales	Annonaceae	Hornschuchia	Hornschuchia alba		SPECIES	Hornschuchia alba (A.St.-Hil.) R.E.Fr.	Hornschuchia alba		BR	Morro da Piacava	Rio de Janeiro	PRESENT	1	7ce8aef0-9e92-11dc-8738-b8a03c50a862									2002-10-09T00:00:00	9	10	2002	5407558	5407558	MATERIAL_CITATION		SPF, RB	RB00451944				CC0_1_0		C. Farney			2023-01-25T08:47:54.431Z		CONTINENT_DERIVED_FROM_COUNTRY;OCCURRENCE_STATUS_INFERRED_FROM_INDIVIDUAL_COUNT
3862607440	c5427427-07fc-4449-ba86-25f19cd47482	03C887E40104FFC8FD8AFE43FBF17DF9.mc.3B093CAF0104FFC4FCB4F9ACFACB7AC2	Plantae	Tracheophyta	Magnoliopsida	Magnoliales	Annonaceae	Hornschuchia	Hornschuchia bryotrophe		SPECIES	Hornschuchia bryotrophe Nees	Hornschuchia bryotrophe Nees	Nees	BR	Trilha do Pescador	Espirito Santo	PRESENT	1	7ce8aef0-9e92-11dc-8738-b8a03c50a862	-20.278889	-40.478333			135.0				2008-10-20T00:00:00	20	10	2008	5407556	5407556	MATERIAL_CITATION		P, H, CEPEC, MBM, RB	CEPEC00129318, MBML037745, RB00544259				CC0_1_0		Labiak			2023-01-25T08:47:54.431Z		GEODETIC_DATUM_ASSUMED_WGS84;CONTINENT_DERIVED_FROM_COORDINATES;OCCURRENCE_STATUS_INFERRED_FROM_INDIVIDUAL_COUNT
3862607439	c5427427-07fc-4449-ba86-25f19cd47482	03C887E4010DFFD2FDE2FDADFE177966.mc.3B093CAF010DFFCDFF6BFC7EFAE77FF9	Plantae	Tracheophyta	Magnoliopsida	Magnoliales	Annonaceae	Hornschuchia	Hornschuchia lianarum		SPECIES	Hornschuchia lianarum D.M.Johnson & N.A.Murray	Hornschuchia lianarum D. M. Johnson	D. M. Johnson	BR	Fazenda Sossego	Bahia	PRESENT	1	7ce8aef0-9e92-11dc-8738-b8a03c50a862	-12.368055	-39.10861			465.0				1999-08-11T00:00:00	11	8	1999	5407564	5407564	MATERIAL_CITATION		HUEFS, RB	HUEFS039004, RB00434949				CC0_1_0		E. de Melo			2023-01-25T08:47:54.430Z		GEODETIC_DATUM_ASSUMED_WGS84;CONTINENT_DERIVED_FROM_COORDINATES;OCCURRENCE_STATUS_INFERRED_FROM_INDIVIDUAL_COUNT
3862607438	c5427427-07fc-4449-ba86-25f19cd47482	03C887E40104FFC8FD8AFE43FBF17DF9.mc.3B093CAF0105FFC5FB81FA85FAF67953	Plantae	Tracheophyta	Magnoliopsida	Magnoliales	Annonaceae	Hornschuchia	Hornschuchia bryotrophe		SPECIES	Hornschuchia bryotrophe Nees	Hornschuchia bryotrophe Nees	Nees				PRESENT	1	7ce8aef0-9e92-11dc-8738-b8a03c50a862													5407556	5407556	MATERIAL_CITATION		SPF					CC0_1_0		J. C. Lopes			2023-01-25T08:47:54.430Z		OCCURRENCE_STATUS_INFERRED_FROM_INDIVIDUAL_COUNT
3862607437	c5427427-07fc-4449-ba86-25f19cd47482	03C887E40104FFC8FD8AFE43FBF17DF9.mc.3B093CAF0105FFC5FDC7F9A4FB177A72	Plantae	Tracheophyta	Magnoliopsida	Magnoliales	Annonaceae	Hornschuchia	Hornschuchia bryotrophe		SPECIES	Hornschuchia bryotrophe Nees	Hornschuchia bryotrophe Nees	Nees				PRESENT	1	7ce8aef0-9e92-11dc-8738-b8a03c50a862													5407556	5407556	MATERIAL_CITATION		RB	RB00042137				CC0_1_0					2023-01-25T08:47:54.429Z		OCCURRENCE_STATUS_INFERRED_FROM_INDIVIDUAL_COUNT
3862607436	c5427427-07fc-4449-ba86-25f19cd47482	03C887E40111FFD7FDBEFDAEFDED7878.mc.3B093CAF0116FFD6FBDCFADBFAE77955	Plantae	Tracheophyta	Magnoliopsida	Magnoliales	Annonaceae	Hornschuchia	Hornschuchia myrtillus		SPECIES	Hornschuchia myrtillus Nees	Hornschuchia myrtillus Nees	Nees	BR	Reserva Biologica Corrego do Veado	Espirito Santo	PRESENT	1	7ce8aef0-9e92-11dc-8738-b8a03c50a862	-18.37	-40.14417							2011-01-24T00:00:00	24	1	2011	5407555	5407555	MATERIAL_CITATION		SAMES	SAMES01774				CC0_1_0		A. O. Giaretta			2023-01-25T08:47:54.429Z		GEODETIC_DATUM_ASSUMED_WGS84;CONTINENT_DERIVED_FROM_COORDINATES;OCCURRENCE_STATUS_INFERRED_FROM_INDIVIDUAL_COUNT
3862607435	c5427427-07fc-4449-ba86-25f19cd47482	03C887E40117FFD4FDE0FB73FA8C79EE.mc.3B093CAF0117FFD7FF6BF9D8FAF77A8E	Plantae	Tracheophyta	Magnoliopsida	Magnoliales	Annonaceae	Hornschuchia	Hornschuchia obliqua		SPECIES	Hornschuchia obliqua Maas & van Setten	Hornschuchia obliqua Maas & Setten	Maas & Setten	BR	fazenda Almada	Bahia	PRESENT	1	7ce8aef0-9e92-11dc-8738-b8a03c50a862	-14.655194	-39.18789			110.0				1996-02-08T00:00:00	8	2	1996	5407557	5407557	MATERIAL_CITATION		CEPEC	CEPEC00070901				CC0_1_0		L. A. M. Silva			2023-01-25T08:47:54.428Z		GEODETIC_DATUM_ASSUMED_WGS84;CONTINENT_DERIVED_FROM_COORDINATES;OCCURRENCE_STATUS_INFERRED_FROM_INDIVIDUAL_COUNT
3862607434	c5427427-07fc-4449-ba86-25f19cd47482	03C887E40104FFC8FD8AFE43FBF17DF9.mc.3B093CAF0105FFC5FCFBFC81FBF17F88	Plantae	Tracheophyta	Magnoliopsida	Magnoliales	Annonaceae	Hornschuchia	Hornschuchia bryotrophe		SPECIES	Hornschuchia bryotrophe Nees	Hornschuchia bryotrophe Nees	Nees	BR	Morro	Rio de Janeiro	PRESENT	1	7ce8aef0-9e92-11dc-8738-b8a03c50a862	-22.958778	-43.27717							1951-02-27T00:00:00	27	2	1951	5407556	5407556	MATERIAL_CITATION		G, A, IAN	IAN069581				CC0_1_0		Black			2023-01-25T08:47:54.428Z		GEODETIC_DATUM_ASSUMED_WGS84;CONTINENT_DERIVED_FROM_COORDINATES;OCCURRENCE_STATUS_INFERRED_FROM_INDIVIDUAL_COUNT
3862607433	c5427427-07fc-4449-ba86-25f19cd47482	03C887E40111FFD7FDBEFDAEFDED7878.mc.3B093CAF0116FFD6FCE9FD1BFA8A7F31	Plantae	Tracheophyta	Magnoliopsida	Magnoliales	Annonaceae	Hornschuchia	Hornschuchia myrtillus		SPECIES	Hornschuchia myrtillus Nees	Hornschuchia myrtillus Nees	Nees	BR	Santo Antonio de Jesus	Bahia	PRESENT	1	7ce8aef0-9e92-11dc-8738-b8a03c50a862					40.0				1993-01-30T00:00:00	30	1	1993	5407555	5407555	MATERIAL_CITATION		NY, SPF	NY00395812, NY00395811				CC0_1_0		J. R. Pirani			2023-01-25T08:47:54.427Z		CONTINENT_DERIVED_FROM_COUNTRY;OCCURRENCE_STATUS_INFERRED_FROM_INDIVIDUAL_COUNT
3862607432	c5427427-07fc-4449-ba86-25f19cd47482	03C887E40111FFD7FDBEFDAEFDED7878.mc.3B093CAF0116FFD6FDC4FE5FFBEA7DD6	Plantae	Tracheophyta	Magnoliopsida	Magnoliales	Annonaceae	Hornschuchia	Hornschuchia myrtillus		SPECIES	Hornschuchia myrtillus Nees	Hornschuchia myrtillus Nees	Nees	BR	Itamaraju	Bahia	PRESENT	1	7ce8aef0-9e92-11dc-8738-b8a03c50a862	-16.934221	-39.568222							1971-04-06T00:00:00	6	4	1971	5407555	5407555	MATERIAL_CITATION		CEPEC, NY	CEPEC00006771, NY00395814				CC0_1_0		T. S. Santos			2023-01-25T08:47:54.427Z		GEODETIC_DATUM_ASSUMED_WGS84;CONTINENT_DERIVED_FROM_COORDINATES;OCCURRENCE_STATUS_INFERRED_FROM_INDIVIDUAL_COUNT
3862607431	c5427427-07fc-4449-ba86-25f19cd47482	03C887E40104FFC8FD8AFE43FBF17DF9.mc.3B093CAF0105FFC5FBA1FD52FEE37EFB	Plantae	Tracheophyta	Magnoliopsida	Magnoliales	Annonaceae	Hornschuchia	Hornschuchia bryotrophe		SPECIES	Hornschuchia bryotrophe Nees	Hornschuchia bryotrophe Nees	Nees	BR	Serra do Cipo. Serra do Cipo	Pernambuco	PRESENT	1	7ce8aef0-9e92-11dc-8738-b8a03c50a862	-19.34239	-43.59836							1951-01-16T00:00:00	16	1	1951	5407556	5407556	MATERIAL_CITATION		J, G, RB	RB00042164				CC0_1_0		Kuhlmann			2023-01-25T08:47:54.426Z		GEODETIC_DATUM_ASSUMED_WGS84;CONTINENT_DERIVED_FROM_COORDINATES;OCCURRENCE_STATUS_INFERRED_FROM_INDIVIDUAL_COUNT
3862607430	c5427427-07fc-4449-ba86-25f19cd47482	03C887E40108FFC9FDFFFDF0FE017E9A.mc.3B093CAF0108FFC8FB2DFBBDFD6978D0	Plantae	Tracheophyta	Magnoliopsida	Magnoliales	Annonaceae	Hornschuchia	Hornschuchia cauliflora		SPECIES	Hornschuchia cauliflora Maas & van Setten	Hornschuchia cauliflora Maas & Setten	Maas & Setten	BR	Ubaitaba	Bahia	PRESENT	1	7ce8aef0-9e92-11dc-8738-b8a03c50a862	-14.579583	-39.29972							1970-04-20T00:00:00	20	4	1970	5407560	5407560	MATERIAL_CITATION		CEPEC, NY	CEPEC00005734, NY00395776				CC0_1_0		T. S. dos Santos			2023-01-25T08:47:54.425Z		GEODETIC_DATUM_ASSUMED_WGS84;CONTINENT_DERIVED_FROM_COORDINATES;OCCURRENCE_STATUS_INFERRED_FROM_INDIVIDUAL_COUNT
3862607429	c5427427-07fc-4449-ba86-25f19cd47482	03C887E40106FFC4FDE6FECEFE1C7D48.mc.3B093CAF0106FFC6FB12FC30FAE7783B	Plantae	Tracheophyta	Magnoliopsida	Magnoliales	Annonaceae	Hornschuchia	Hornschuchia alba		SPECIES	Hornschuchia alba (A.St.-Hil.) R.E.Fr.	Hornschuchia alba		BR	Buzios	Rio de Janeiro	PRESENT	1	7ce8aef0-9e92-11dc-8738-b8a03c50a862									1995-06-28T00:00:00	28	6	1995	5407558	5407558	MATERIAL_CITATION		RB	RB00417332				CC0_1_0		D. Araujo			2023-01-25T08:47:54.425Z		CONTINENT_DERIVED_FROM_COUNTRY;OCCURRENCE_STATUS_INFERRED_FROM_INDIVIDUAL_COUNT
3862607428	c5427427-07fc-4449-ba86-25f19cd47482	03C887E40114FFDAFD89F9D9FB1C7E49.mc.3B093CAF0115FFD5FB26FCA8FE6D7FF5	Plantae	Tracheophyta	Magnoliopsida	Magnoliales	Annonaceae	Hornschuchia	Hornschuchia polyantha		SPECIES	Hornschuchia polyantha Maas	Hornschuchia polyantha Maas	Maas	BR		Bahia	PRESENT	1	7ce8aef0-9e92-11dc-8738-b8a03c50a862	-15.05	-39.233334							1993-02-04T00:00:00	4	2	1993	5407559	5407559	MATERIAL_CITATION		CEPEC, HUEFS, MBM, NY, SPF	CEPEC00060939, HUEFS017561, MBM181237, NY00395791				CC0_1_0		J. A. Kallunki			2023-01-25T08:47:54.424Z		GEODETIC_DATUM_ASSUMED_WGS84;CONTINENT_DERIVED_FROM_COORDINATES;OCCURRENCE_STATUS_INFERRED_FROM_INDIVIDUAL_COUNT
3862607427	c5427427-07fc-4449-ba86-25f19cd47482	03C887E40112FFD0FE15FA63FEA07F3A.mc.3B093CAF0112FFD2FF6BF8E5FC497B51	Plantae	Tracheophyta	Magnoliopsida	Magnoliales	Annonaceae	Hornschuchia	Hornschuchia mediterranea		SPECIES	Hornschuchia mediterranea Mello-Silva & D.M.Johnson	Hornschuchia mediterranea Mello-Silva & D. M. Johnson	Mello-Silva & D. M. Johnson	BR	Antonio Cardoso	Bahia	PRESENT	1	7ce8aef0-9e92-11dc-8738-b8a03c50a862	-12.365556	-39.109165							1999-08-11T00:00:00	11	8	1999	11446011	11446011	MATERIAL_CITATION		SPF					CC0_1_0		E. Mello			2023-01-25T08:47:54.423Z		GEODETIC_DATUM_ASSUMED_WGS84;CONTINENT_DERIVED_FROM_COORDINATES;OCCURRENCE_STATUS_INFERRED_FROM_INDIVIDUAL_COUNT
3862607426	c5427427-07fc-4449-ba86-25f19cd47482	03C887E40117FFD4FDE0FB73FA8C79EE.mc.3B093CAF0117FFD7FC4DFA86FE0D79C8	Plantae	Tracheophyta	Magnoliopsida	Magnoliales	Annonaceae	Hornschuchia	Hornschuchia obliqua		SPECIES	Hornschuchia obliqua Maas & van Setten	Hornschuchia obliqua Maas & Setten	Maas & Setten	BR	Type	Bahia	PRESENT	1	7ce8aef0-9e92-11dc-8738-b8a03c50a862	-13.572888	-39.05628							1981-07-26T00:00:00	26	7	1981	5407557	5407557	MATERIAL_CITATION		CEPEC, NY, U	CEPEC00024357, CEPEC00050811, NY00008356, U0000334				CC0_1_0		A. M. Carvalho	HOLOTYPE		2023-01-25T08:47:54.423Z		GEODETIC_DATUM_ASSUMED_WGS84;CONTINENT_DERIVED_FROM_COORDINATES;OCCURRENCE_STATUS_INFERRED_FROM_INDIVIDUAL_COUNT
3862607425	c5427427-07fc-4449-ba86-25f19cd47482	03C887E4010DFFD2FDE2FDADFE177966.mc.3B093CAF010DFFCDFC23FD13FBF57F50	Plantae	Tracheophyta	Magnoliopsida	Magnoliales	Annonaceae	Hornschuchia	Hornschuchia lianarum		SPECIES	Hornschuchia lianarum D.M.Johnson & N.A.Murray	Hornschuchia lianarum D. M. Johnson	D. M. Johnson	BR	Type	Bahia	PRESENT	1	7ce8aef0-9e92-11dc-8738-b8a03c50a862	-14.830277	-40.603886							1978-11-21T00:00:00	21	11	1978	5407564	5407564	MATERIAL_CITATION		CEPEC, K, NY, U	CEPEC00015054, K000485527, NY00312030, NY00312031, U0000333				CC0_1_0		S. A. Mori	HOLOTYPE		2023-01-25T08:47:54.422Z		GEODETIC_DATUM_ASSUMED_WGS84;CONTINENT_DERIVED_FROM_COORDINATES;OCCURRENCE_STATUS_INFERRED_FROM_INDIVIDUAL_COUNT
3862607424	c5427427-07fc-4449-ba86-25f19cd47482	03C887E40104FFC8FD8AFE43FBF17DF9.mc.3B093CAF0104FFC4FC01F886FAE77BAF	Plantae	Tracheophyta	Magnoliopsida	Magnoliales	Annonaceae	Hornschuchia	Hornschuchia bryotrophe		SPECIES	Hornschuchia bryotrophe Nees	Hornschuchia bryotrophe Nees	Nees	BR	Sr. Aleixo Barnabe	Espirito Santo	PRESENT	1	7ce8aef0-9e92-11dc-8738-b8a03c50a862	-18.986055	-39.990112							1995-02-20T00:00:00	20	2	1995	5407556	5407556	MATERIAL_CITATION		E, J, R, RB, SPF, VIES	BR 101, RB00042105, VIES037620				CC0_1_0		Pirani			2023-01-25T08:47:54.421Z		GEODETIC_DATUM_ASSUMED_WGS84;CONTINENT_DERIVED_FROM_COORDINATES;OCCURRENCE_STATUS_INFERRED_FROM_INDIVIDUAL_COUNT
3862607423	c5427427-07fc-4449-ba86-25f19cd47482	03C887E4010CFFCDFDE4FE17FE5E7E22.mc.3B093CAF010CFFCCFC64FDFCFB4E7E90	Plantae	Tracheophyta	Magnoliopsida	Magnoliales	Annonaceae	Hornschuchia	Hornschuchia leptandra		SPECIES	Hornschuchia leptandra D.M.Johnson	Hornschuchia leptandra D. M. Johnson	D. M. Johnson	BR	Ilheus	Bahia	PRESENT	1	7ce8aef0-9e92-11dc-8738-b8a03c50a862									1981-10-13T00:00:00	13	10	1981	5407563	5407563	MATERIAL_CITATION		CEPEC, U	CEPEC00025025, U0000332				CC0_1_0		J. L. Hage	HOLOTYPE		2023-01-25T08:47:54.421Z		CONTINENT_DERIVED_FROM_COUNTRY;OCCURRENCE_STATUS_INFERRED_FROM_INDIVIDUAL_COUNT
3862607422	c5427427-07fc-4449-ba86-25f19cd47482	03C887E40104FFC8FD8AFE43FBF17DF9.mc.3B093CAF0105FFC5FD97FA4DFBCB79AA	Plantae	Tracheophyta	Magnoliopsida	Magnoliales	Annonaceae	Hornschuchia	Hornschuchia bryotrophe		SPECIES	Hornschuchia bryotrophe Nees	Hornschuchia bryotrophe Nees	Nees				PRESENT	1	7ce8aef0-9e92-11dc-8738-b8a03c50a862													5407556	5407556	MATERIAL_CITATION		MBML	MBML030986				CC0_1_0		L. F. S. Magnago			2023-01-25T08:47:54.420Z		OCCURRENCE_STATUS_INFERRED_FROM_INDIVIDUAL_COUNT
3862607421	c5427427-07fc-4449-ba86-25f19cd47482	03C887E40104FFC8FD8AFE43FBF17DF9.mc.3B093CAF0104FFC4FD60FA39FD417A33	Plantae	Tracheophyta	Magnoliopsida	Magnoliales	Annonaceae	Hornschuchia	Hornschuchia bryotrophe		SPECIES	Hornschuchia bryotrophe Nees	Hornschuchia bryotrophe Nees	Nees	BR	Aldeia Candeias	Espirito Santo	PRESENT	1	7ce8aef0-9e92-11dc-8738-b8a03c50a862	-19.77739	-40.20078							1997-03-26T00:00:00	26	3	1997	5407556	5407556	MATERIAL_CITATION		M, A, SPF					CC0_1_0		de Assis			2023-01-25T08:47:54.420Z		GEODETIC_DATUM_ASSUMED_WGS84;CONTINENT_DERIVED_FROM_COORDINATES;OCCURRENCE_STATUS_INFERRED_FROM_INDIVIDUAL_COUNT
3862607420	c5427427-07fc-4449-ba86-25f19cd47482	03C887E40114FFDAFD89F9D9FB1C7E49.mc.3B093CAF0114FFD4FDC8F86CFD337BE7	Plantae	Tracheophyta	Magnoliopsida	Magnoliales	Annonaceae	Hornschuchia	Hornschuchia polyantha		SPECIES	Hornschuchia polyantha Maas	Hornschuchia polyantha Maas	Maas	BR	Lage do Banco	Bahia	PRESENT	1	7ce8aef0-9e92-11dc-8738-b8a03c50a862	-14.342999	-39.377136							1992-05-03T00:00:00	3	5	1992	5407559	5407559	MATERIAL_CITATION		W, CEPEC, MBM, NY	CEPEC00056483, MBM284834, NY00395788				CC0_1_0					2023-01-25T08:47:54.419Z		GEODETIC_DATUM_ASSUMED_WGS84;CONTINENT_DERIVED_FROM_COORDINATES;OCCURRENCE_STATUS_INFERRED_FROM_INDIVIDUAL_COUNT
3862607419	c5427427-07fc-4449-ba86-25f19cd47482	03C887E40106FFC4FDE6FECEFE1C7D48.mc.3B093CAF0106FFC6FF6BFD60FB9D7EEB	Plantae	Tracheophyta	Magnoliopsida	Magnoliales	Annonaceae	Hornschuchia	Hornschuchia alba		SPECIES	Hornschuchia alba (A.St.-Hil.) R.E.Fr.	Hornschuchia alba		BR	Armacao dos Buzios	Rio de Janeiro	PRESENT	1	7ce8aef0-9e92-11dc-8738-b8a03c50a862									2001-05-24T00:00:00	24	5	2001	5407558	5407558	MATERIAL_CITATION		RB, SPF	RB00451923				CC0_1_0		C. Farney			2023-01-25T08:47:54.419Z		CONTINENT_DERIVED_FROM_COUNTRY;OCCURRENCE_STATUS_INFERRED_FROM_INDIVIDUAL_COUNT
3862607418	c5427427-07fc-4449-ba86-25f19cd47482	03C887E40112FFD0FE15FA63FEA07F3A.mc.3B093CAF0112FFD2FC2CF883FACB7BAA	Plantae	Tracheophyta	Magnoliopsida	Magnoliales	Annonaceae	Hornschuchia	Hornschuchia mediterranea		SPECIES	Hornschuchia mediterranea Mello-Silva & D.M.Johnson	Hornschuchia mediterranea Mello-Silva & D. M. Johnson	Mello-Silva & D. M. Johnson	BR	Fazenda Sao Roque	Bahia	PRESENT	1	7ce8aef0-9e92-11dc-8738-b8a03c50a862	-15.138333	-39.571667			375.0				1999-02-02T00:00:00	2	2	1999	11446011	11446011	MATERIAL_CITATION		SPF					CC0_1_0		W. W. Thomas			2023-01-25T08:47:54.418Z		GEODETIC_DATUM_ASSUMED_WGS84;CONTINENT_DERIVED_FROM_COORDINATES;OCCURRENCE_STATUS_INFERRED_FROM_INDIVIDUAL_COUNT
3862607417	c5427427-07fc-4449-ba86-25f19cd47482	03C887E40111FFD7FDBEFDAEFDED7878.mc.3B093CAF0116FFD6FE3EFC1EFC6D7835	Plantae	Tracheophyta	Magnoliopsida	Magnoliales	Annonaceae	Hornschuchia	Hornschuchia myrtillus		SPECIES	Hornschuchia myrtillus Nees	Hornschuchia myrtillus Nees	Nees	BR	Linhares	Espirito Santo	PRESENT	1	7ce8aef0-9e92-11dc-8738-b8a03c50a862	-19.333334	-40.05							1993-01-20T00:00:00	20	1	1993	5407555	5407555	MATERIAL_CITATION		MBM, NY, SPF	MBM181236, NY00395813				CC0_1_0		J. A. Kallunki			2023-01-25T08:47:54.417Z		GEODETIC_DATUM_ASSUMED_WGS84;CONTINENT_DERIVED_FROM_COORDINATES;OCCURRENCE_STATUS_INFERRED_FROM_INDIVIDUAL_COUNT
3862607416	c5427427-07fc-4449-ba86-25f19cd47482	03C887E40114FFDAFD89F9D9FB1C7E49.mc.3B093CAF0115FFD5FDF6FC27FAC97FF5	Plantae	Tracheophyta	Magnoliopsida	Magnoliales	Annonaceae	Hornschuchia	Hornschuchia polyantha		SPECIES	Hornschuchia polyantha Maas	Hornschuchia polyantha Maas	Maas	BR		Bahia	PRESENT	1	7ce8aef0-9e92-11dc-8738-b8a03c50a862	-15.05	-39.233334							1982-01-20T00:00:00	20	1	1982	5407559	5407559	MATERIAL_CITATION		CEPEC	CEPEC00028035				CC0_1_0		T. S. Santos			2023-01-25T08:47:54.417Z		GEODETIC_DATUM_ASSUMED_WGS84;CONTINENT_DERIVED_FROM_COORDINATES;OCCURRENCE_STATUS_INFERRED_FROM_INDIVIDUAL_COUNT
3862607415	c5427427-07fc-4449-ba86-25f19cd47482	03C887E40109FFCCFDE7FD14FEB77D9C.mc.3B093CAF010EFFCEFCD3FDB6FB137EA0	Plantae	Tracheophyta	Magnoliopsida	Magnoliales	Annonaceae	Hornschuchia	Hornschuchia citriodora		SPECIES	Hornschuchia citriodora D.M.Johnson	Hornschuchia citriodora D. M. Johnson	D. M. Johnson	BR	Reserva Natural da Vale	Espirito Santo	PRESENT	1	7ce8aef0-9e92-11dc-8738-b8a03c50a862					64.0				2009-05-07T00:00:00	7	5	2009	5407561	5407561	MATERIAL_CITATION		NY, SPF	NY02699055				CC0_1_0		P. M. J. Maas			2023-01-25T08:47:54.416Z		CONTINENT_DERIVED_FROM_COUNTRY;OCCURRENCE_STATUS_INFERRED_FROM_INDIVIDUAL_COUNT
3862607414	c5427427-07fc-4449-ba86-25f19cd47482	03C887E40104FFC8FD8AFE43FBF17DF9.mc.3B093CAF0105FFC5FCADFBAAFF6C78A4	Plantae	Tracheophyta	Magnoliopsida	Magnoliales	Annonaceae	Hornschuchia	Hornschuchia bryotrophe		SPECIES	Hornschuchia bryotrophe Nees	Hornschuchia bryotrophe Nees	Nees				PRESENT	1	7ce8aef0-9e92-11dc-8738-b8a03c50a862													5407556	5407556	MATERIAL_CITATION		MBML, SPF	MBML032022				CC0_1_0		V. Demuner			2023-01-25T08:47:54.416Z		OCCURRENCE_STATUS_INFERRED_FROM_INDIVIDUAL_COUNT
3862607413	c5427427-07fc-4449-ba86-25f19cd47482	03C887E40108FFC9FDFFFDF0FE017E9A.mc.3B093CAF0108FFC8FC1FFD04FB4C7F2B	Plantae	Tracheophyta	Magnoliopsida	Magnoliales	Annonaceae	Hornschuchia	Hornschuchia cauliflora		SPECIES	Hornschuchia cauliflora Maas & van Setten	Hornschuchia cauliflora Maas & Setten	Maas & Setten	BR	Aurelino Leal	Bahia	PRESENT	1	7ce8aef0-9e92-11dc-8738-b8a03c50a862	-14.340777	-39.318665							1971-11-18T00:00:00	18	11	1971	5407560	5407560	MATERIAL_CITATION		CEPEC, NY	CEPEC00008090, NY00008359				CC0_1_0		T. S. Santos	HOLOTYPE		2023-01-25T08:47:54.415Z		GEODETIC_DATUM_ASSUMED_WGS84;CONTINENT_DERIVED_FROM_COORDINATES;OCCURRENCE_STATUS_INFERRED_FROM_INDIVIDUAL_COUNT
3862607412	c5427427-07fc-4449-ba86-25f19cd47482	03C887E40104FFC8FD8AFE43FBF17DF9.mc.3B093CAF0105FFC5FF6BFE97FB1B7D80	Plantae	Tracheophyta	Magnoliopsida	Magnoliales	Annonaceae	Hornschuchia	Hornschuchia bryotrophe		SPECIES	Hornschuchia bryotrophe Nees	Hornschuchia bryotrophe Nees	Nees	BR	Fazenda Luis Siqueira	Espirito Santo	PRESENT	1	7ce8aef0-9e92-11dc-8738-b8a03c50a862	-18.145872	-40.317165			140.0				2012-11-15T00:00:00	15	11	2012	5407556	5407556	MATERIAL_CITATION		A, M, MBML	MBML047032				CC0_1_0		Assis & Governador Lindenberg			2023-01-25T08:47:54.414Z		GEODETIC_DATUM_ASSUMED_WGS84;CONTINENT_DERIVED_FROM_COORDINATES;OCCURRENCE_STATUS_INFERRED_FROM_INDIVIDUAL_COUNT
3862607411	c5427427-07fc-4449-ba86-25f19cd47482	03C887E40108FFC9FDFFFDF0FE017E9A.mc.3B093CAF0108FFC8FDD9FB90FB4C7898	Plantae	Tracheophyta	Magnoliopsida	Magnoliales	Annonaceae	Hornschuchia	Hornschuchia cauliflora		SPECIES	Hornschuchia cauliflora Maas & van Setten	Hornschuchia cauliflora Maas & Setten	Maas & Setten	BR	Ubaitaba	Bahia	PRESENT	1	7ce8aef0-9e92-11dc-8738-b8a03c50a862									1972-06-22T00:00:00	22	6	1972	5407560	5407560	MATERIAL_CITATION		CEPEC, NY	CEPEC00008836, NY00395775				CC0_1_0		T. S. dos Santos			2023-01-25T08:47:54.414Z		CONTINENT_DERIVED_FROM_COUNTRY;OCCURRENCE_STATUS_INFERRED_FROM_INDIVIDUAL_COUNT
3862607410	c5427427-07fc-4449-ba86-25f19cd47482	03C887E40109FFCCFDE7FD14FEB77D9C.mc.3B093CAF010EFFCEFB12FE79FE777E4A	Plantae	Tracheophyta	Magnoliopsida	Magnoliales	Annonaceae	Hornschuchia	Hornschuchia citriodora		SPECIES	Hornschuchia citriodora D.M.Johnson	Hornschuchia citriodora D. M. Johnson	D. M. Johnson	BR	Rodovia do Sol	Espirito Santo	PRESENT	1	7ce8aef0-9e92-11dc-8738-b8a03c50a862	-20.55	-40.45							1993-01-18T00:00:00	18	1	1993	5407561	5407561	MATERIAL_CITATION		MBM, NY, SPF	MBM262718, NY00395800, NY00395799				CC0_1_0		J. A. Kallunki			2023-01-25T08:47:54.413Z		GEODETIC_DATUM_ASSUMED_WGS84;CONTINENT_DERIVED_FROM_COORDINATES;OCCURRENCE_STATUS_INFERRED_FROM_INDIVIDUAL_COUNT
3862607409	c5427427-07fc-4449-ba86-25f19cd47482	03C887E40104FFC8FD8AFE43FBF17DF9.mc.3B093CAF0104FFC4FDD7FBF6FEE27860	Plantae	Tracheophyta	Magnoliopsida	Magnoliales	Annonaceae	Hornschuchia	Hornschuchia bryotrophe		SPECIES	Hornschuchia bryotrophe Nees	Hornschuchia bryotrophe Nees	Nees	BR	Castelo Novo	Bahia	PRESENT	1	7ce8aef0-9e92-11dc-8738-b8a03c50a862	-14.642944	-39.20778											5407556	5407556	MATERIAL_CITATION		M	M0240082				CC0_1_0		Riedel			2023-01-25T08:47:54.413Z		GEODETIC_DATUM_ASSUMED_WGS84;CONTINENT_DERIVED_FROM_COORDINATES;OCCURRENCE_STATUS_INFERRED_FROM_INDIVIDUAL_COUNT
3862607408	c5427427-07fc-4449-ba86-25f19cd47482	03C887E40108FFC9FDFFFDF0FE017E9A.mc.3B093CAF0108FFC8FB14FC2CFE7B787F	Plantae	Tracheophyta	Magnoliopsida	Magnoliales	Annonaceae	Hornschuchia	Hornschuchia cauliflora		SPECIES	Hornschuchia cauliflora Maas & van Setten	Hornschuchia cauliflora Maas & Setten	Maas & Setten	BR	Itacare	Bahia	PRESENT	1	7ce8aef0-9e92-11dc-8738-b8a03c50a862	-14.282	-38.99647							1988-01-01T00:00:00	1	1	1988	5407560	5407560	MATERIAL_CITATION		CEPEC, ECT, ICN, NY, SPF	CEPEC00044273, ECT0003694, ICN00027827, NY00395774				CC0_1_0		M. Sobral			2023-01-25T08:47:54.412Z		GEODETIC_DATUM_ASSUMED_WGS84;CONTINENT_DERIVED_FROM_COORDINATES;OCCURRENCE_STATUS_INFERRED_FROM_INDIVIDUAL_COUNT
