;recorded_by;orig_recby;colnum_full;det_by;orig_detby;to_check;to_check_det
8;<NA>;<NA>;;;<NA>;<NA>;recby_problem
9;<NA>;<NA>;;;<NA>;<NA>;recby_problem
10;<NA>;<NA>;;;<NA>;<NA>;recby_problem
11;<NA>;<NA>;;;<NA>;<NA>;recby_problem
12;<NA>;<NA>;;;<NA>;<NA>;recby_problem
13;<NA>;<NA>;;;<NA>;<NA>;recby_problem
14;<NA>;<NA>;;;<NA>;<NA>;recby_problem
220;<NA>;<NA>;;;<NA>;<NA>;recby_problem
221;<NA>;<NA>;;;<NA>;<NA>;recby_problem
222;<NA>;<NA>;;;<NA>;<NA>;recby_problem
223;<NA>;<NA>;;;<NA>;<NA>;recby_problem
224;<NA>;<NA>;;;<NA>;<NA>;recby_problem
731;<NA>;<NA>;;Johnson, DM;D.M. Johnson (OWU);<NA>;recby_problem
579;Amorim, AM;A. M. Amorim, P. Maas, C. M. v. Zuilen, J. F. Ramos & S. C. Sant' Ana;858;;<NA>;, P. Maas, C. M. v. Zuilen, J. F. Ramos;recby_problem
581;Amorim, AM;A. M. Amorim, P. Maas, C. M. v. Zuilen, L. A. Mattos Silva, T. S. Santos & S. C. Sant' Ana;794;;<NA>;, P. Maas, C. M. v. Zuilen, L. A. Mattos Silva, T. S. Santos;recby_problem
576;Amorim, AM;A. M. Amorim, P. Maas, C. M. v. Zuilen, T. S. Santos & S. C. Sant' Ana;827;;<NA>;, P. Maas, C. M. v. Zuilen, T. S. Santos;recby_problem
580;Amorim, AM;A. M. Amorim, P. Maas, C. M. v. Zuilen, T. S. Santos & S. C. Sant' Ana;827;;<NA>;, P. Maas, C. M. v. Zuilen, T. S. Santos;recby_problem
575;Carvalho, AM de;A. M. Carvalho, W. W. Thomas & T. S. Santos;3602;;<NA>;, W. W. Thomas;recby_problem
577;Carvalho, AM de;A. M. Carvalho, W. W. Thomas & T. S. Santos;3350;;<NA>;, W. W. Thomas;recby_problem
775;Saint-Hilaire, A;A. Saint-Hilaire;Saint-Hilaire s.n.;Johnson, DM;D.M. Johnson (OWU);#NAME?;recby_problem
298;Amorim, AM ;"Amorim, A. M.  (Amorim, André M.);T.S. Santos,P.J. Maas,S.C. Sant´Ana,J. Duarte,C.. Zuilen";827;;<NA>;morim, André M.);recby_problem
300;Amorim, AM ;"Amorim, A. M.  (Amorim, André M.);T.S. Santos,S.C. Sant Ana,P.J.M. Maas,J. Duarte,C.M. van Zuilen";827;Maas, PJM;P.J.M. Maas;morim, André M.);recby_problem
333;Amorim, AM ;"Amorim, A. M.  (Amorim, André M.);P.J. Maas,S.C. Sant´Ana,J.F. Ramos,C.M. Zuilen";858;Lopes, JC;Lopes, J.C.;morim, André M.);recby_problem
334;Amorim, AM ;"Amorim, A. M.  (Amorim, André M.);T.S. Santos,S.C. Sant Ana,L.A. Mattos Silva,P.J.M. Maas,C.M. van Zuilen";794;;<NA>;morim, André M.);recby_problem
905;Amorim, AM;Amorim, A. M.;4611;Sem Informação;Sem Informação;detby_problem;ção
328;Amorim, AM ;A. M. Amorim;4611;Mello-Silva, R de;R. de Mello-Silva;detby_problem;#NAME?
941;Amorim, AM ;A. M. Amorim;858;Mello-Silva, R de;R. de Mello-Silva;detby_problem;#NAME?
737;Amorim, AM ;"André M. A. Amorim; P.J.M. Maas, C.M. Van Zuilen, L.A. Mattos Silva, T.S. Santos & S.C. Sant´Ana";794;Maas, PJM, Johnson, DM;P.J.M. Maas !D.M. Joshson;André M. A. Amorim;recby_problem
232;Amorim, AM ;André M. Amorim et al.;858;;<NA>;André M. Amorim;recby_problem
735;Amorim, AM ;"André M. Amorim; P.J.M Maas, C.M. Van Zuilen, T.S.: Santos, S.C.Sant´Ana & J. Duarte";827;Maas, PJM;P. Maas;André M. Amorim;recby_problem
757;Amorim, AM ;André M. Amorim;Amorim 827;Johnson, DM;D.M. Johnson;André M. Amorim;recby_problem
758;Amorim, AM ;André M. Amorim;Amorim 794;Johnson, DM;D.M. Johnson;André M. Amorim;recby_problem
764;Amorim, AM ;André M. Amorim;Amorim 794;Maas, PJM;P.J.M. Maas;André M. Amorim;recby_problem
766;Amorim, AM ;André M. Amorim;Amorim 827;Johnson, DM;D.M. Johnson;André M. Amorim;recby_problem
768;Amorim, AM ;André M. Amorim;Amorim 858;Johnson, DM;D. Johnson;André M. Amorim;recby_problem
762;Carvalho, AM de;"André M. de Carvalho;W. Wayt Thomas;Talmon S. dos Santos;et al.";Carvalho 3350;Maas, PJM, Setten, V;P. Maas & V. Setten;André M. de Carvalho;recby_problem
226;Anunciação, ES;Anunciação, E.S.;64;;<NA>;Anunciação, E.S.;recby_problem
512;Araújo, DSD de;"Araújo DSD de; et al.";"Araújo, DSD de; et al.  10320 ";Maas, PJM;Maas PJM;Araújo DSD de;recby_problem
585;Asprino, R;Asprino, R.;111;Sem Informação;Sem Informação;detby_problem;ção
898;Assis, MA;Assis, M.A.;903;Mello-Silva, R de;Mello-Silva, R.;detby_problem;Mello-Silva, R.
900;Assis, MA ;"M.A. Assis; O.A. Silva; J.R.C. Souza & J.E. César";903;Mello-Silva, R de;R. Mello-Silva;detby_problem;#NAME?
583;Barbosa-Silva, RG;Barbosa-Silva, R.G.;718;Carauta, , Berg, CC;Carauta & C.C.Berg;Barbosa-Silva, R.G.;recby_problem
564;Belém, RP;"Belém, RP;Magalhães, MG";936;Maas, PJM;Maas, PJM;Belém, RP;recby_problem
903;Borges, RAX;Borges, R.A.X.;769;Sem Informação;Sem Informação;detby_problem;ção
299;Carvalho, AM de;"Carvalho, A. M.  (Carvalho, André Maurício Vieira de/  de Carvalho, André Maurício Vieira/  André Maurício Carvalho);T.S. Santos,W.W. Thomas";3350;;<NA>;arvalho, André Maurício Vieira de/  de Carvalho, André Maurício Vieira/  André Maurício Carvalho);recby_problem
301;Carvalho, AM de;"Carvalho, A. M.  (Carvalho, André Maurício Vieira de/  de Carvalho, André Maurício Vieira/  André Maurício Carvalho);T.S. Santos,W.W. Thomas";3602;;<NA>;arvalho, André Maurício Vieira de/  de Carvalho, André Maurício Vieira/  André Maurício Carvalho);recby_problem
245;Carvalho, AM de;Carvalho, A.M.de;3649;Amorim, A;A.Amorim;M.de;recby_problem
246;Carvalho, AM de;Carvalho, A.M.de;3602;Amorim, A;A.Amorim;M.de;recby_problem
877;Carvalho, AM de;Carvalho, A.M.de;3602;;<NA>;M.de;recby_problem
878;Carvalho, AM de;Carvalho, A.M.de;3649;;<NA>;M.de;recby_problem
883;Carvalho, AM de;Carvalho, A.M.de;3350;;<NA>;M.de;recby_problem
481;Carvalho, AMV de;Carvalho AMV de;Carvalho, AMV de  3602 ;Johnson, DM, Murray, NA;"Johnson DM; Murray NA";detby_problem;"Johnson DM; Murray NA"
505;Carvalho, AMV de;Carvalho AMV de;Carvalho, AMV de  3602 ;Johnson, DM, Murray, NA;"Johnson DM; Murray NA";detby_problem;"Johnson DM; Murray NA"
510;Carvalho, AMV de;Carvalho AMV de;Carvalho, AMV de  3649 ;Johnson, DM, Murray, NA;"Johnson DM; Murray NA";detby_problem;"Johnson DM; Murray NA"
582;Costa, IG ;"I.G. Costa; J. Dutilh & A. Campos-Rocha";769;Lobão, A;A. Lobão;detby_problem;ão
555;Costa, J;"J.Costa; T.S.Nunes, J.G.Jardim, A.S.Conceição & B.M.Silva";459;Lobão, A;A.Lobão;detby_problem;ão
756;Costa, JA ;J.A. Costa;Costa 459;Lobão, A;A. Lobão;detby_problem;ão
442;Dalmonech, CL ;"C.L. Dalmonech;T.F. Sagrillo";50;Kollman, L;L. Kollmann/2016;detby_problem;/2016
456;Demuner, V ;"V. Demuner;T. Cruz, M. Belizário, Elias Bausen, Jaqueline";2101;Maas, PJM;P. J. M. Maas/Set.2009;detby_problem;/Set.2009
458;Demuner, V ;"V. Demuner;T. Cruz, M. Belizário e Elias Bausen.";3220;Lobão, A;A. Lobão/Jan.-2010;detby_problem;ão/Jan.-2010
740;Guimarães, E;"E.Guimarães ; C.B. Abreu 66";182;Mans, E;E. Mans;ães;recby_problem
694;Ottra, JHL el;El Ottra, JHL;131;Lopes, JC;Lopes, JC;, JHL;recby_problem
230;Faria, JEQ ;"J.E.Q. Faria; M.R.V. Zanatta & C.S. Caires";8260;Lobão, A, Teixeita, L;A. Lobão & L. Teixeita;detby_problem;ão & L. Teixeita
721;Farney, C;"C.Farney; J.C.Gomes";4397;Lobão, A;A.Lobão;detby_problem;ão
722;Farney, C ;"C. Farney; et pessoal da UFRJ";4371;A.Lobão;A.Lobão;detby_problem;ão
425;Fiaschi, P;"Fiaschi, P.;Paixão, J.L.,Rodrigues, A.B.,Gomes, L.C.J.";2743;Mello-Silva, R de;Mello-Silva, R.;detby_problem;Mello-Silva, R.
711;Fiaschi, P;"Fiaschi, P.; J.L. Paixão, S.C. Sant´Ana & R. Querino";1287;Lobão, A;A.Lobão;detby_problem;ão
755;Fiaschi, P;Pedro Fiaschi;Fiaschi 2743;Mello-Silva, R de;R. Mello Silva;detby_problem; Silva
773;Fiaschi, P;"Pedro Fiaschi;Jacquelyn A. Kallunki;Sérgio C. de Sant'Ana;J. Lima da Paixão";Fiaschi 1226;Mello-Silva, R de;R. de Mello-Silva;detby_problem;#NAME?
385;Fiaschi, P ;P. Fiaschi;2743;Mello-Silva, R de;R. de Mello-Silva;detby_problem;#NAME?
601;Fiaschi, P ;P. Fiaschi;2784;Mello-Silva, R de;R. de Mello-Silva;detby_problem;#NAME?
612;Fiaschi, P ;P. Fiaschi;1226;Mello-Silva, R de;R. de Mello-Silva;detby_problem;#NAME?
710;Fiaschi, P ;"P. Fiaschi; J.A. Kallunki, S. Sant´ Ana & J.L. da Paixão";1226;Lobão, A, Teixeita, L;A. Lobão & L. Teixeita;detby_problem;ão & L. Teixeita
907;Fiaschi, P ;P. Fiaschi;2743;Mello-Silva, R de;R. de Mello-Silva;detby_problem;#NAME?
910;Fiaschi, P ;P. Fiaschi;1287;Sem Informação;Sem Informação;detby_problem;ção
911;Fiaschi, P ;P. Fiaschi;1226;Sem Informação;Sem Informação;detby_problem;ção
912;Fiaschi, P ;P. Fiaschi;1226;Sem Informação;Sem Informação;detby_problem;ção
682;Folli, DA;Folli, DA;2917;;Anônimo;detby_problem;Anônimo
844;Folli, DA;Folli, D.A.;3540;Maas, PJM;Paul J. M. Maas;detby_problem;Paul J. M. Maas
847;Folli, DA;Folli, D.A.;3130;Maas, PJM;Paul J. M. Maas;detby_problem;Paul J. M. Maas
849;Folli, DA;Folli, D.A.;1699;Maas, PJM;Paul J. M. Maas;detby_problem;Paul J. M. Maas
901;Fraga, CN ;C. N. Fraga;2480;Sem Informação;Sem Informação;detby_problem;ção
457;Fraga, CN de;"C. N. de Fraga;J.Meirelles,A.P.Fontana, R.Goldenberg, L.Kollmann, A.M.Amorim, L.Daneu";2480;Lopes, JC;J.C. Lopes/13-X-2011;detby_problem;/13-X-2011
561;Giaretta, AO;"Giaretta,A.O.;Broggio,I.S.,Ribeiro,M.";916;Lopes, JC;Lopes, J.C.;Giaretta,A.O.;recby_problem
20;Groppo, M;"Groppo, M.; Bruniera, C.P.; Bueno, G.M.";1808;Lopes, JC;Lopes, J.C;detby_problem;C
229;Groppo, M ;"M. Groppo; C.P. Bruniera; G.M. Bueno";1808;Lobão, A;A.Lobão;detby_problem;ão
814;Lorenzi, H;H. Lorenzi, G. Siqueira, E.L. Jacques;6957;Lorenzi, H;H. Lorenzi;, G. Siqueira, E.L. Jacques;recby_problem
707;Paixão, JL;"J. L. Paixão ; A. Amorim, W. Thomas & S. C. Sant´Ana";661;Lobão, A;A. Lobão;ão;recby_problem
330;Pirani, JR;"J. R. Pirani, W. W. Thomas, R. Mello-Silva;J. Fernandes";2435;;<NA>;, W. W. Thomas, R. Mello-Silva;recby_problem
747;Pirani, JR;J. R. Pirani, W. W. Thomas, R. Mello-Silva & J. Fernandes;2435;;<NA>;, W. W. Thomas, R. Mello-Silva;recby_problem
699;Lombardi, JA;"J.A. Lombardi et. al.;";8852;;J.A. Lombardi; et. al.;recby_problem
368;Jardim, JG;J. Jardim;2064;R. de Mello-Silva;R. de Mello-Silva;detby_problem;#NAME?
584;Jardim, JG;Jardim, J.G.;6789;Carauta & C.C.Berg;Carauta & C.C.Berg;detby_problem;Carauta & C.C.Berg
870;Jardim, JG;Jardim, J.G.;2716;R.Mello-Silva;R.Mello-Silva;detby_problem;#NAME?
904;Jardim, JG;Jardim, J. G.;4508;Sem Informação;Sem Informação;detby_problem;ção
708;Jardim, JG ;"J. G. Jardim ; P. Fiaschi, J. L. da Paixão & W. Nascimento";4508;A.Lobão;A.Lobão;detby_problem;ão
916;Jardim, JG ;J. G. Jardim;2716;R. de Mello-Silva;R. de Mello-Silva;detby_problem;#NAME?
918;Jardim, JG ;J. G. Jardim;2064;R. de Mello-Silva;R. de Mello-Silva;detby_problem;#NAME?
355;Johnson, DM ;D. M. Johnson;1838;R. de Mello-Silva;R. de Mello-Silva;detby_problem;#NAME?
930;Johnson, DM ;D. M. Johnson;1838;R. de Mello-Silva;R. de Mello-Silva;detby_problem;#NAME?
234;Pastore, JFB;José Floriano Barêa Pastore;2129;;<NA>;José Floriano Barêa Pastore;recby_problem
865;Pastore, JFB;José Floriano Barêa Pastore;2129;;<NA>;José Floriano Barêa Pastore;recby_problem
466;Pirani, JR;José R. Pirani;2435;Lopes, JC;Lopes, J.C.;José R. Pirani;recby_problem
738;Pirani, JR;"José R. Pirani; JacquelynA. Kallunki, J.B Fernandes";;Mello-Silva, R de;R. Mello-Silva;José R. Pirani;recby_problem
772;Pirani, JR;José R. Pirani;Pirani 2435;Johnson, DM;D.M. Johnson;José R. Pirani;recby_problem
378;Kallunki, JA ;J. A. Kallunki;465;Mello-Silva, R de;R. de Mello-Silva;detby_problem;#NAME?
379;Kallunki, JA ;J. A. Kallunki;428;Mello-Silva, R de;R. de Mello-Silva;detby_problem;#NAME?
935;Kallunki, JA ;J. A. Kallunki;465;Mello-Silva, R de;R. de Mello-Silva;detby_problem;#NAME?
936;Kallunki, JA ;J. A. Kallunki;428;Mello-Silva, R de;R. de Mello-Silva;detby_problem;#NAME?
730;Khulmann, JG ;J.G. Khulmann;;Johnson, DM;D.M.Johnson (OWU);detby_problem; (OWU)
765;Khulmann, JG ;KUHLMANN;KUHLMANN 150900;;<NA>;KUHLMANN;recby_problem
924;Mattos-Silva, LA;L. A. Mattos-Silva;3355;Mattos-Silva, LA;L. A. Mattos-Silva;#NAME?;recby_problem
955;Mattos-Silva, LA;L. A. Mattos-Silva;1555;Johnson, DM;D. M. Johnson;#NAME?;recby_problem
884;Mattos-Silva, LA;L.A.Mattos Silva;3355;;<NA>; Silva;recby_problem
704;Labiak, PH ;"P.H. Labiak; R. C. Forzza; L. Kollmann & C.N. Fraga";5000;Mello-Silva, R de;R. Mello Silva;detby_problem; Silva
744;Leoni, LS ;L.S. Leoni;5846;Mello-Silva, R de;R. Mello-Silva;detby_problem;#NAME?
824;Lobão, AQ;Lobão, A.;1531;Lobão, A;Adriana Lobão;Lobão, A.;recby_problem
825;Lobão, AQ;Lobão, A.;1533;Lobão, A;Adriana Lobão;Lobão, A.;recby_problem
826;Lobão, AQ;Lobão, A.;1532;Lobão, A;Adriana Lobão;Lobão, A.;recby_problem
418;Lobão, AQ;Lobão, A.Q.;1532;Lobão, A;Lobão, A.Q.;Lobão, A.Q.;recby_problem
419;Lobão, AQ;Lobão, A.Q.;1531;Lobão, A;Lobão, A.Q.;Lobão, A.Q.;recby_problem
420;Lobão, AQ;Lobão, A.Q.;1533;Lobão, A;Lobão, A.Q.;Lobão, A.Q.;recby_problem
886;Lobão, AQ;Lobão, A.Q.;1532;Lobão, A;Lobão, A.Q.;Lobão, A.Q.;recby_problem
887;Lobão, AQ;Lobão, A.Q.;1533;Lobão, A;Lobão, A.Q.;Lobão, A.Q.;recby_problem
888;Lobão, AQ;Lobão, A.Q.;1531;Lobão, A;Lobão, A.Q.;Lobão, A.Q.;recby_problem
681;Lobão, AQ;Lobão, AQ;1533;Lobão, A;Lobão, AQ;Lobão, AQ;recby_problem
685;Lobão, AQ;Lobão, AQ;1531;Lobão, A;Lobão, AQ;Lobão, AQ;recby_problem
688;Lobão, AQ;Lobão, AQ;1532;Lobão, A;Lobão, AQ;Lobão, AQ;recby_problem
558;Lobão, AQ;Lobão,A.Q.;1533;Lopes, JC;Lopes, J.C.;Lobão,A.Q.;recby_problem
559;Lobão, AQ;"Lobão,A.Q.;Oliveira,A.,Borges,K.F.,Lopes,L.C.M.,Ribeiro,M,Gusson,M,Cruz,F.M.";1542;Lobão, A;Lobão,A.Q.;Lobão,A.Q.;recby_problem
560;Lobão, AQ;Lobão,A.Q.;1531;Lobão, A;Lobão,A.Q.;Lobão,A.Q.;recby_problem
563;Lobão, AQ;Lobão,A.Q.;1532;Lobão, A;Lobão,A.Q.;Lobão,A.Q.;recby_problem
795;Lopes, JC;Lopes, JC;110;Mello-Silva, R de, Lopes, JC;"Mello-Silva, R; Lopes, JC";detby_problem;"Mello-Silva, R; Lopes, JC"
796;Lopes, JC;Lopes, JC;111;Mello-Silva, R de, Lopes, JC;"Mello-Silva, R; Lopes, JC";detby_problem;"Mello-Silva, R; Lopes, JC"
797;Lopes, JC;Lopes, JC;122;Mello-Silva, R de, Lopes, JC;"Mello-Silva, R; Lopes, JC";detby_problem;"Mello-Silva, R; Lopes, JC"
821;Lopes, JC;Lopes, J.C.;122;Mello-Silva, R de;Renato Mello-Silva;detby_problem;#NAME?
822;Lopes, JC;Lopes, J.C.;111;Mello-Silva, R de;Renato Mello-Silva;detby_problem;#NAME?
823;Lopes, JC;Lopes, J.C.;110;Mello-Silva, R de;Renato Mello-Silva;detby_problem;#NAME?
445;Lopes, JC ;"J.C. Lopes;G.S. Siqueira,R. Mello-Silva";122;Lopes, JC, Mello-Silva, R de;J.C. Lopes & R. Mello-Silva/2010;detby_problem; & R. Mello-Silva/2010
446;Lopes, JC ;"J.C. Lopes;G. Siqueira,R. Mello-Silva";110;Lopes, JC, Mello-Silva, R de;J.C. Lopes & R. Mello-Silva/2010;detby_problem; & R. Mello-Silva/2010
700;Lopes, JC ;"J.C. Lopes; R. Mello-Silva; G. Siqueira";122;Lopes, JC, Mello-Silva, R de;J.C. Lopes et R. Mello-Silva;detby_problem; et R. Mello-Silva
461;Lordêlo, RP;Lordêlo, RP;56-333;Lopes, JC;Lopes, J.C.;Lordêlo, RP;recby_problem
991;Lordêlo, RP;Lordêlo, RP;56-333;;<NA>;Lordêlo, RP;recby_problem
678;Luschnath, B;Luschnath B.;S.N.;;<NA>;Luschnath B.;recby_problem
281;Wied-Neuwied, MAP;M. A. P. z. Wied-Neuwied;s.n.;;<NA>;M. A. P. z. Wied-Neuwied;recby_problem
286;Wied-Neuwied, MAP;M. A. P. z. Wied-Neuwied;s.n.;;<NA>;M. A. P. z. Wied-Neuwied;recby_problem
662;Wied-Neuwied, MAP;M. A. P. z. Wied-Neuwied;s.n.;;<NA>;M. A. P. z. Wied-Neuwied;recby_problem
665;Wied-Neuwied, MAP;M. A. P. z. Wied-Neuwied;s.n.;;<NA>;M. A. P. z. Wied-Neuwied;recby_problem
451;Maas, PJM;"P. J. Maas;D. A. Folli,H. Maas";8829;Maas, PJM;P. J. M. Maas/1999;detby_problem;/1999
827;Maas, PJM;Maas, P.J.M.;9853;Maas, PJM;Paul J. M. Maas;detby_problem;Paul J. M. Maas
828;Maas, PJM;Maas, P.J.M.;9811;Maas, PJM;Paul J. M. Maas;detby_problem;Paul J. M. Maas
829;Maas, PJM;Maas, P.J.M.;9810;Maas, PJM;Paul J. M. Maas;detby_problem;Paul J. M. Maas
845;Maas, PJM;Maas, P.J.M.;8829;Maas, PJM;Paul J. M. Maas;detby_problem;Paul J. M. Maas
846;Maas, PJM;Maas, P.J.M.;8828;Maas, PJM;Paul J. M. Maas;detby_problem;Paul J. M. Maas
448;Magnago, LFS ;"L. F. S. Magnago;V. Demuner, M. Belizário, E. Bausen";531;Maas, PJM;P. J. M. Maas/Set.2009;detby_problem;/Set.2009
452;Magnago, LFS ;"L. F. S. Magnago;V. Demuner, M. Belizário, E. Bausen";489;Lobão, A;A. Lobão/10-08-2006;detby_problem;ão/10-08-2006
569;Mariano Neto, E;Mariano Neto, E.;1065;;<NA>;, E.;recby_problem
570;Mariano Neto, E;Mariano Neto, E.;1181;;<NA>;, E.;recby_problem
571;Mariano Neto, E;Mariano Neto, E.;1146;;<NA>;, E.;recby_problem
572;Mariano Neto, E;Mariano Neto, E.;1067;;<NA>;, E.;recby_problem
669;Martius, CFP ;Martius, C.F.P. von (no. Herb. Fl. Bras. 858);;;<NA>;von (no. Herb. Fl. Bras. 858);recby_problem
670;Martius, CFP ;Martius, C.F.P. von (no. Herb. Fl. Bras. 858);;;<NA>;von (no. Herb. Fl. Bras. 858);recby_problem
671;Martius, CFP ;Martius, C.F.P. von (no. Obs. 2101);;;<NA>;von (no. Obs. 2101);recby_problem
774;Martius, CFP ;C. F. P. Martius;Martius s.n.;Johnson, DM;D.M. Johnson (OWU);detby_problem; (OWU)
476;Mello-Silva, R de;"Mello-Silva R de; et al.";"Mello-Silva, R de; et al.  1174 ";Mello-Silva, R de;Mello-Silva R de;Mello-Silva R de;recby_problem
506;Mello-Silva, R de;"Mello-Silva R de; et al.";"Mello-Silva, R de; et al.  1174 ";Mello-Silva, R de;Mello-Silva R de;Mello-Silva R de;recby_problem
434;Mello-Silva, R de;"Mello-Silva, R;Mello-Silva, R.,et al.";1596;Mello-Silva, R de;Mello-Silva, R.;Mello-Silva, R;recby_problem
549;Mello-Silva, R de;"Mello-Silva, R; Stannard, BL; Nic Lughadha, E; Assis, MC";1596;Mello-Silva, R de;Mello-Silva, R;Mello-Silva, R;recby_problem
551;Mello-Silva, R de;"Mello-Silva, R; Salatino, A; Santos, DYAC";1174;Mello-Silva, R de;Mello-Silva, R;Mello-Silva, R;recby_problem
693;Mello-Silva, R de;Mello-Silva, R;3138;;<NA>;Mello-Silva, R;recby_problem
984;Mello-Silva, R de;"Mello-Silva, R de; Stannard, BL; Nic Lughadha, E; Assis, MC";1596;;<NA>;Mello-Silva, R de;recby_problem
873;Melo, E;Melo, E.;2784;Mello-Silva, R de;R.Mello-Silva;detby_problem;#NAME?
874;Melo, E;Melo, E.;2774;Mello-Silva, R de;R.Mello-Silva;detby_problem;#NAME?
875;Melo, E;Melo, E.;1143;Mello-Silva, R de;R.Mello-Silva;detby_problem;#NAME?
725;Melo, E ;"E. Melo; F. França, E. Miranda, L. Senna & B.M. Silva";2784;Lobão, A, Teixeita, L;A. Lobão & L. Teixeita;detby_problem;ão & L. Teixeita
724;Melo, E de;"E. de Melo ; F. França, E. Miranda, L. Senna & B. M. Silva";2774;Lobão, A;A.Lobão;detby_problem;ão
728;Mori, SA;"S.A.Mori; L.A.Mattos Silva, T.S. dos Santos";;Kallunki, J;J. Kallunki,;detby_problem;,
556;Noblick, LR;L.R.Noblick;3274;Lobão, A;A.Lobão;detby_problem;ão
769;Maas, PJM;"Paul J. M. Maas;Hiltje Maas;D.A. Folli";Maas 8828;Maas, PJM;P.J. M. Maas;Paul J. M. Maas;recby_problem
770;Maas, PJM;"Paul J. M. Maas;Hiltje Maas;D.A. Folli";Maas 8829;Maas, PJM;P.J.M. Maas;Paul J. M. Maas;recby_problem
771;Maas, PJM;"Paul J. M. Maas;Hiltje Maas;B.C. Kurtz;Adriana Lobão;J. M. Caruso";Maas 8818;Maas, PJM;P.J.M. Maas;Paul J. M. Maas;recby_problem
417;Pirani, JR;"Pirani, J.R.;Kallunki, J.A.,Fernandes, J.B.";3579;Mello-Silva, R de;Mello-Silva, R.;detby_problem;Mello-Silva, R.
871;Pirani, JR;Pirani, J.R.;H51389;Lobão, A;A.Lobão;detby_problem;ão
872;Pirani, JR;Pirani, J.R.;H51389;Lobão, A;A.Lobão;detby_problem;ão
885;Pirani, JR;"Pirani, J.R.; Kallunki, J.A. & Fernandes, J.B.";3579;Mello-Silva, R de;Mello-Silva, R.;detby_problem;Mello-Silva, R.
228;Queiroz, LP de;Queiroz, L.P.de;16727;;<NA>;P.de;recby_problem
271;Mello-Silva, R de;R. de Mello-Silva;1174;Mello-Silva, R de;R. de Mello-Silva;#NAME?;recby_problem
315;Mello-Silva, R de;R. de Mello-Silva;1174;Mello-Silva, R de;R. de Mello-Silva;#NAME?;recby_problem
326;Mello-Silva, R de;R. de Mello-Silva;1596;Mello-Silva, R de;R. de Mello-Silva;#NAME?;recby_problem
327;Mello-Silva, R de;R. de Mello-Silva;1596;Mello-Silva, R de;R. de Mello-Silva;#NAME?;recby_problem
603;Mello-Silva, R de;R. de Mello-Silva;1174;Mello-Silva, R de;R. de Mello-Silva;#NAME?;recby_problem
615;Mello-Silva, R de;R. de Mello-Silva;1596;Mello-Silva, R de;R. de Mello-Silva;#NAME?;recby_problem
625;Mello-Silva, R de;R. de Mello-Silva;1174;Mello-Silva, R de;R. de Mello-Silva;#NAME?;recby_problem
634;Mello-Silva, R de;R. de Mello-Silva;1596;Mello-Silva, R de;R. de Mello-Silva;#NAME?;recby_problem
734;Mello-Silva, R de;"R. Mello Silva; B.L.Stannard, E. Nic Lughadah, M.C Assis";1596;Mello-Silva, R de;R. Mello Silva; Silva;recby_problem
360;Mello-Silva, R de;R. Mello-Silva;1596;Mello-Silva, R de;R. de Mello-Silva;#NAME?;recby_problem
736;Mello-Silva, R de;"R. Mello-Silva ; A. Salatino , D.Y.A.C. Santos";1147;Mello-Silva, R de;R. Mello-Silva VI 1996;#NAME?;recby_problem
919;Mello-Silva, R de;R. Mello-Silva;1596;Mello-Silva, R de;R. de Mello-Silva;#NAME?;recby_problem
920;Mello-Silva, R de;R. Mello-Silva;1174;Mello-Silva, R de;R. de Mello-Silva;#NAME?;recby_problem
293;Belém, RP;R. P. Belém;936;Johnson, DM;D. M. Johnson;ém;recby_problem
314;Belém, RP;R. P. Belém;936;Johnson, DM;D. M. Johnson;ém;recby_problem
387;Belém, RP;R. P. Belém;879;Johnson, DM;D. M. Johnson;ém;recby_problem
388;Belém, RP;R. P. Belém;936;Johnson, DM;D. M. Johnson;ém;recby_problem
609;Belém, RP;R. P. Belém;936;Johnson, DM;D. M. Johnson;ém;recby_problem
626;Belém, RP;R. P. Belém;936;Johnson, DM;D. M. Johnson;ém;recby_problem
979;Belém, RP;R. P. Belém;879;Johnson, DM;D. M. Johnson;ém;recby_problem
980;Belém, RP;R. P. Belém;936;Johnson, DM;D. M. Johnson;ém;recby_problem
674;Riedel, L;Riedel, L. (no. 711);;;<NA>;(no. 711);recby_problem
562;Rocha,TL;"Rocha,T.L.;Broggio,I.S.,Ribeiro,M.";93;Ribeiro, M;Ribeiro,M.;Rocha,T.L.;recby_problem
838;Rocini, C;Rocini, C.;16;Maas, PJM;Paul J. M. Maas;detby_problem;Paul J. M. Maas
750;Rosário, CS;"Rosário, C.S.; Ramos, J.S.";140;Moraes, E;Moraes, E.;Rosário, C.S.;recby_problem
943;Sant'Ana, SC;S. C. de Sant'Ana;201;Mello-Silva, R de;R. de Mello-Silva;'Ana;recby_problem
351;Sant'Ana, SC;S. C. Sant'Ana;201;Lopes, JC;Lopes, J.C.;'Ana;recby_problem
526;Saint-Hilaire, AFCP de;Saint-Hilaire AFCP de;Saint-Hilaire, AFCP de  566 ;;<NA>;Saint-Hilaire AFCP de;recby_problem
536;Saint-Hilaire, AFCP de;Saint-Hilaire AFCP de;Saint-Hilaire, AFCP de  566 ;;<NA>;Saint-Hilaire AFCP de;recby_problem
540;Saint-Hilaire, AFCP de;Saint-Hilaire AFCP de;Saint-Hilaire, AFCP de  566 ;;<NA>;Saint-Hilaire AFCP de;recby_problem
541;Saint-Hilaire, AFCP de;Saint-Hilaire AFCP de;Saint-Hilaire, AFCP de  566 ;;<NA>;Saint-Hilaire AFCP de;recby_problem
7;Saint-Hilaire, AFCP de;Saint-Hilaire, A. de;;Johnson, DM;Johnson;Saint-Hilaire, A. de;recby_problem
696;Saint-Hilaire, AFCP de;Saint-Hilaire, A. de;;;<NA>;Saint-Hilaire, A. de;recby_problem
459;Saint-Hilaire, AFCP de;Saint-Hilaire, A.F.C.P. de;[Not on sheet];;<NA>;Saint-Hilaire, A.F.C.P. de;recby_problem
515;Sant'Ana, SC;"Sant'Ana SC da; Santos TS dos";"Sant'Ana, SC da; Santos, TS dos  201 ";Johnson, DM;Johnson DM;Sant'Ana SC da;recby_problem
369;Santos, TS ;T. S. Santos;4576;Mello-Silva, R de;R. de Mello-Silva;detby_problem;#NAME?
950;Santos, TS dos;T. S. dos Santos;4576;Mello-Silva, R de;R. de Mello-Silva;detby_problem;#NAME?
2;Sellow, F;Sellow,F.;;;<NA>;Sellow,F.;recby_problem
640;Tavares, S ;S. Tavares;51;Maas, PJM, Maas, H, Erkens, RHJ;"P. J. M. Maas; H. Maas-van de Kamer; R. H. J. Erkens";detby_problem;"; H. Maas-van de Kamer; R. H. J. Erkens"
746;Tavares, S ;"S. Tavares; D. Lima; M. Maciel; M. Alves";51;Mello-Silva, R de;R. Mello-Silva;detby_problem;#NAME?
426;Thomas, WW;"Thomas, WW;et al.,Thomas, W.W.";9086;Mello-Silva, R de;Mello-Silva, R.;detby_problem;Mello-Silva, R.
478;Thomas, WW;"Thomas WW; et al.";"Thomas, WW; et al.  10742 ";Maas, PJM, Chatrou, LW;"Maas PJM; Chatrou LW";detby_problem;"; Chatrou LW"
382;Thomas, WW ;W. W. Thomas;9086;Mello-Silva, R de;R. de Mello-Silva;detby_problem;#NAME?
643;Thomas, WW ;W. W. Thomas;12313;Mello-Silva, R de;R. de Mello-Silva;detby_problem;#NAME?
658;Thomas, WW ;W. W. Thomas;12313;Mello-Silva, R de;R. de Mello-Silva;detby_problem;#NAME?
709;Thomas, WW ;"W.W. Thomas; A.M. Amorim, S. Sant´Ana, J.L. Paixão & R.N. Querino";;Lobão, A;A.Lobão;detby_problem;ão
908;Thomas, WW ;W. W. Thomas;13723;Lobão, A;A. Lobão;detby_problem;ão
909;Thomas, WW ;W. W. Thomas;13393;Sem Informação;Sem Informação;detby_problem;ção
913;Thomas, WW ;W. W. Thomas;12654;Sem Informação;Sem Informação;detby_problem;ção
917;Thomas, WW ;W. W. Thomas;12313;Mello-Silva, R de;R. de Mello-Silva;detby_problem;#NAME?
942;Thomas, WW ;W. W. Thomas;9086;Mello-Silva, R de;R. de Mello-Silva;detby_problem;#NAME?
760;Thomas, WW ;W. Wayt Thomas;Thomas 12675;;W.W. Thomas; Thomas;recby_problem
675;Wied, M;Wied M.;S.N.;;<NA>;Wied M.;recby_problem
676;Wied, M;Wied M.;S.N.;;<NA>;Wied M.;recby_problem
677;Wied, M;Wied M.;S.N.;;<NA>;Wied M.;recby_problem
679;Wied, M;Wied M.;S.N.;;<NA>;Wied M.;recby_problem
672;Wied-Neuwied, MAP zu ;Wied-Neuwied, M.A.P. zu (no. 34);;;<NA>;Wied-Neuwied, M.A.P. zu (no. 34);recby_problem
578;Kuhlmann;;s.n.;;<NA>;#NAME?;recby_problem