scientific_name;genus;specific_epithet;species_author;collector_id;recorded_by;colnum_full;prefix;colnum;sufix;col_date;col_day;col_month;col_year;det_by;det_date;det_day;det_month;det_year;country_id;country;continent;locality;coordinate_id;ddlong;ddlat;institute;herbarium_code;barcode;orig_bc;coll_surname;region;specificEpithet;orig_recby;orig_detby;to_check;to_check_det
0;Neo-uvaria;acuminatissima;0;0;Agama, J;;<NA>;nan;<NA>;01/10/1914 - 30/11/1914;1;10;1914;nan;<NA>;;;;0;Philippines;0;Philippines. Lanao District, Mindanao;0;124.113;7.912;0;0;P00267950;P00267950;Agama;Lanao del Norte;0;Agama, J.;<NA>;;
0;Polyalthia;sp.;0;0;Agama, J;;<NA>;nan;<NA>;01/05/1914 - 31/05/1914;1;5;1914;nan;<NA>;;;;0;Philippines;0;Philippines. Palawan;0;118.75;10.0;0;0;P01983407;P01983407;Agama;Palawan;0;Agama, J.;<NA>;;
0;Polyalthia;flava;0;0;Ahern;;<NA>;nan;<NA>;01/11/1904 - 31/12/1904;1;11;1904;nan;<NA>;;;;0;Philippines;0;Philippines. Bosoboso. Province of Rizal, Luzon;0;121.2395;14.639;0;0;P00372684;P00372684;Ahern;Rizal;0;Ahern;<NA>;;
0;Miliusa;vidalii;0;0;Ahern;;<NA>;nan;<NA>;01/04/1904 - 30/04/1904;1;4;1904;Mols, JB;01/03/2004 - 31/03/2004;1;3;2004;0;Philippines;0;Philippine Forest. Antipolo, Province of Rizal, Luzon;0;121.1758611;14.5870262;0;0;P00160920;P00160920;Ahern;Rizal;0;Ahern;Mols, J.B.;;
0;Mitrephora;reflexa;0;0;Ahern;;<NA>;nan;<NA>;01/03/1905 - 31/03/1905;1;3;1905;nan;<NA>;;;;0;Philippines;0;Philippines. Province of Rizal, Luzon.;0;121.25;14.65;0;0;P00389822;P00389822;Ahern;Rizal;0;Ahern;<NA>;;
0;Cyathocalyx;globosus;0;0;Alvarez, RJ;;<NA>;nan;<NA>;01/08/1909 - 31/08/1909;1;8;1909;nan;<NA>;;;;0;Philippines;0;Philippines. Bataan Prov., Luzon.;0;120.417;14.667;0;0;P01981673;P01981673;Alvarez;Bataan;0;Alvarez, R.J.;<NA>;;
0;Artabotrys;hamatus;0;0;Barthe;;<NA>;nan;<NA>;01/01/1857 - 31/12/1857;1;1;1857;nan;<NA>;;;;0;Philippines;0;Manille;0;120.981;14.591;0;0;P02029215;P02029215;Barthe;National Capital Region (NCR);0;Barthe;<NA>;;
0;Goniothalamus;sp.;0;0;Barthe;;<NA>;nan;<NA>;01/01/1857 - 31/12/1857;1;1;1857;Kessler, P, Kessler, P;26/10/1989 - 26/10/1989;26;10;1989;0;Philippines;0;Manille;0;120.9809674;14.5907332;0, 0;0, 0;P02034807, P02034809;P02034807, P02034809;Barthe;;;;;;
0;Polyalthia;sp.;0;0;Barthe;;<NA>;nan;<NA>;01/01/1857 - 31/12/1857;1;1;1857;Kessler, P;01/04/1998 - 30/04/1998;1;4;1998;0;Philippines;0;Manille;0;120.9809674;14.5907332;0;0;P01983378;P01983378;Barthe;National Capital Region (NCR);0;Barthe;Kessler, P.;;
0;Polyalthia;suberosa;0;0;Barthe;;<NA>;nan;<NA>;01/01/1857 - 31/12/1857;1;1;1857;nan;<NA>;;;;0;Philippines;0;Manille;0;120.9809674;14.5907332;0;0;P01983823;P01983823;Barthe;National Capital Region (NCR);0;Barthe;<NA>;;
0;Uvaria;sp.;0;0;Barthe;;<NA>;nan;<NA>;01/01/1857 - 31/12/1857;1;1;1857;nan, nan;<NA>;;;;0;Philippines;0;Manille;0;120.9809674;14.5907332;0, 0;0, 0;P01964274, P01765041;P01964274, P01765041;Barthe;;;;;;
0;Cyathocalyx;globosus;0;0;Borden, TE;;<NA>;nan;<NA>;01/04/1904 - 30/04/1904;1;4;1904;nan, nan;<NA>;;;;0;Philippines;0;Philippines. Lamao River. Prov. of Bataan, Luzon.;0;120.578;14.502;0, 0;0, 0;P00751131, P00751134;P00751131, P00751134;Borden;;;;;;
0;Mitrephora;lanotan;0;0;Cenabre, AL;;<NA>;nan;<NA>;01/02/1923 - 28/02/1923;1;2;1923;Kessler, P;01/05/2004 - 31/05/2004;1;5;2004;0;Philippines;0;Philippines. Puerto Princesa. Palawan;0;118.735;9.7376;0;0;P00379281;P00379281;Cenabre;Palawan;0;Cenabre, A.L.;Kessler, P.;;
0;Xylopia;dehiscens;0;0;Cenabre, AL;;<NA>;nan;<NA>;01/02/1923 - 28/02/1923;1;2;1923;nan;<NA>;;;;0;Philippines;0;Philippines. Puerto Princesa. Palawan;0;118.732;9.738;0;0;P01987358;P01987358;Cenabre;Palawan;0;Cenabre, A.L.;<NA>;;
0;Mitrephora;samarensis;0;0;Cruz, F;;<NA>;nan;<NA>;01/02/1915 - 30/04/1915;1;2;1915;nan;<NA>;;;;0;Philippines;0;Philiippines. District of Lanao, Mindanao;0;124.113;7.912;0;0;P01967885;P01967885;Cruz;Lanao del Norte;0;Cruz, F.;<NA>;;
0;Orophea;glabra;0;0;Cuming;;<NA>;nan;<NA>;<NA>;;;;Leonardia, A;01/07/1999 - 31/07/1999;1;7;1999;0;Philippines;0;Manille.;0;120.9809674;14.5907332;0;0;P01987489;P01987489;Cuming;National Capital Region (NCR);0;Cuming;Leonardia, A.;;
0;Polyalthia;sp.;0;0;Cuming;;<NA>;nan;<NA>;<NA>;;;;nan;<NA>;;;;0;Philippines;0;Manille;0;120.9809674;14.5907332;0;0;P01983392;P01983392;Cuming;National Capital Region (NCR);0;Cuming;<NA>;;
0;Goniothalamus;obtusifolius;0;0;Curran, HM;;<NA>;nan;<NA>;01/04/1906 - 30/04/1906;1;4;1906;nan;<NA>;;;;0;Philippines;0;Philippines. Palawan;0;118.75;10.0;0;0;P01988127;P01988127;Curran;Palawan;0;Curran, H.M.;<NA>;;
0;Goniothalamus;sp.;0;0;Darling, FW;;<NA>;nan;<NA>;01/11/1909 - 30/11/1909;1;11;1909;nan;<NA>;;;;0;Philippines;0;Philippines, Prov. Tayabas, Luzon;0;121.5918364;14.0263471;0;0;P02034803;P02034803;Darling;Quezon;0;Darling, F.W.;<NA>;;
0;Sageraea;lanceolata;0;0;Escritor, L;;<NA>;nan;<NA>;01/03/1913 - 30/04/1913;1;3;1913;Kessler, P;01/06/2004 - 30/06/2004;1;6;2004;0;Philippines;0;Philippines. Guinayangan. Province of Tayabas. Luzon;0;122.4521906;13.8963821;0;0;P00247906;P00247906;Escritor;Quezon;0;Escritor, L.;Kessler, P.;;
0;Uvaria;cordata;0;0;Gaudichaud;;<NA>;nan;<NA>;01/11/1836 - 30/11/1836;1;11;1836;nan;01/08/2002 - 31/08/2002;1;8;2002;0;Philippines;0;Manille;0;120.9809674;14.5907332;0;0;P00260060;P00260060;Gaudichaud;National Capital Region (NCR);0;Gaudichaud;<NA>;;
0;Popowia;pisocarpa;0;0;Guerrero, F;;<NA>;nan;<NA>;01/05/1926 - 31/07/1926;1;5;1926;nan;<NA>;;;;0;Philippines;0;Philippines. Lanao Province. Mindanao;0;124.113;7.912;0;0;P01983259;P01983259;Guerrero;;0;Guerrero, F.;<NA>;;
0;Annona;reticulata;0;0;Hombron;;<NA>;nan;<NA>;01/01/1838 - 31/12/1840;1;1;1838;nan;<NA>;;;;0;Philippines;0;Sanboangon. Pointe S.O. de la presqu'ile S.O. de Mindanao.;0;122.0763695;6.9046004;0;0;P01984604;P01984604;Hombron;Zamboanga del Sur;0;Hombron;<NA>;;
0;Goniothalamus;elmeri;0;0;Jimenez, R;;<NA>;nan;<NA>;01/12/1917 - 31/12/1917;1;12;1917;nan;<NA>;;;;0;Philippines;0;Philippines. Lanao District, Mindanao.;0;124.113;7.912;0;0;P01988163;P01988163;Jimenez;Lanao del Norte;0;Jimenez, R.;<NA>;;
0;Uvaria;sp.;0;0;Loher;;<NA>;nan;<NA>;<NA>;;;;nan;<NA>;;;;0;Philippines;0;Herb Philippinense;0;;;0;0;P01964277;P01964277;Loher;;0;Loher;<NA>;;
0;Polyalthia;rumphii;0;0;Mabesa, C;;<NA>;nan;<NA>;01/06/1915 - 31/12/1915;1;6;1915;Kessler, P;01/05/2004 - 31/05/2004;1;5;2004;0;Philippines;0;Philippines. Province de Laguna, Luzon;0;;;0;0;P01983783;P01983783;Mabesa;Laguna;0;Mabesa, C.;Kessler, P.;;
0;Polyalthia;cumingiana;0;0;Mabesa, C;;<NA>;nan;<NA>;01/03/1916 - 30/04/1916;1;3;1916;nan;<NA>;;;;0;Philippines;0;Philippines. Province of Laguna. Luzon;0;121.33;14.17;0;0;P01983878;P01983878;Mabesa;Laguna;0;Mabesa, C.;<NA>;;
0;Phaeanthus;ebracteolatus;0;0;Martelino, A;;<NA>;nan;<NA>;01/05/1919 - 30/06/1919;1;5;1919;Mols, JB;01/07/1998 - 31/07/1998;1;7;1998;0;Philippines;0;Philippines. Libacao. Capiz Province. Panay;0;122.398;11.4357;0;0;P01960466;P01960466;Martelino;Capiz;0;Martelino, A.;Mols, J.B.;;
0;Polyalthia;dolichophylla;0;0;Martelino, A;;<NA>;nan;<NA>;01/05/1919 - 30/06/1919;1;5;1919;nan;<NA>;;;;0;Philippines;0;Philippines. Libacao. Capiz province. Panay;0;122.286;11.41;0;0;P01983883;P01983883;Martelino;Capiz;0;Martelino, A.;<NA>;;
0;Mitrephora;williamsii;0;0;Mesa, A de;;<NA>;nan;<NA>;01/03/1919 - 30/06/1919;1;3;1919;nan;<NA>;;;;0;Philippines;0;Philippines. Davao Province. Mindanao;0;125.5;7.17;0;0;P01967881;P01967881;Mesa;Davao Region (Region XI);0;Mesa, A. de;<NA>;;
0;Goniothalamus;sp.;0;0;Miranda, DP;;<NA>;nan;<NA>;01/09/1913 - 30/09/1913;1;9;1913;Kessler, P;01/05/2004 - 31/05/2004;1;5;2004;0;Philippines;0;Philippines, Butuan Subprovince. Mindanao;0;125.527228;8.9478297;0;0;P02034811;P02034811;Miranda;Agusan del Norte;0;Miranda, D.P.;Kessler, P.;;
0;Goniothalamus;amuyon;0;0;Otanes, F;;<NA>;nan;<NA>;01/04/1914 - 30/06/1914;1;4;1914;nan;<NA>;;;;0;Philippines;0;Umingan, Province of Pangasinan, Luzon, Philippines.;0;120.8334911;15.9292773;0;0;P01988180;P01988180;Otanes;Pangasinan;0;Otanes, F.;<NA>;;
0;Mitrephora;sp.;0;0;Otanes, F;;<NA>;nan;<NA>;01/04/1914 - 30/06/1914;1;4;1914;nan;<NA>;;;;0;Philippines;0;Umingan, Province of Pangasinan, Luzon, Philippines.;0;120.8334911;15.9292773;0;0;P00133828;P00133828;Otanes;Pangasinan;0;Otanes, F.;<NA>;;
0;Miliusa;sp.;0;0;Paraiso, E;;<NA>;nan;<NA>;01/04/1915 - 30/04/1915;1;4;1915;Kessler, P;25/10/1989 - 25/10/1989;25;10;1989;0;Philippines;0;Philippines. Province of Ilocos Norte. Luzon;0;120.75;18.166667;0;0;P00160921;P00160921;Paraiso;Ilocos Norte;0;Paraiso, E.;Kessler, P.;;
0;Polyalthia;oblongifolia;0;0;Paraiso, E;;<NA>;nan;<NA>;01/03/1918 - 31/05/1918;1;3;1918;nan;<NA>;;;;0;Philippines;0;Philippines. Bucay, Abra Province. Luzon;0;120.7187526;17.5384336;0;0;P01983773;P01983773;Paraiso;Abra;0;Paraiso, E.;<NA>;;
0;Fissistigma;rufum;0;0;Ramos, M;;<NA>;nan;<NA>;01/08/1910 - 31/08/1910;1;8;1910;Hou, XL;30/03/2011 - 30/03/2011;30;3;2011;0;Philippines;0;Philippines. Province of Laguna. Luzon;0;121.334;14.17;0;0;P00751039;P00751039;Ramos;Laguna;0;Ramos, M.;Hou, X.L.;;
0;Goniothalamus;elmeri;0;0;Ramos, M;;<NA>;nan;<NA>;01/09/1911 - 30/09/1911;1;9;1911;nan;<NA>;;;;0;Philippines;0;Philippines. Mt Maquiling. Prov. of Laguna. Luzon;0;121.2;14.132;0;0;P01988165;P01988165;Ramos;Laguna;0;Ramos, M.;<NA>;;
0;Goniothalamus;sp.;0;0;Ramos, M;;<NA>;nan;<NA>;01/12/1913 - 31/12/1913;1;12;1913;Kessler, P;09/09/1985 - 09/09/1985;9;9;1985;0;Philippines;0;Philippines. Sagnay, Camarines;0;123.5227082;13.6033934;0;0;P01988186;P01988186;Ramos;Camarines Sur;0;Ramos, M.;Kessler, P.;;
0;Polyalthia;oblongifolia;0;0;Ramos, M;;<NA>;nan;<NA>;01/12/1913 - 31/12/1913;1;12;1913;nan;<NA>;;;;0;Philippines;0;Philippines. Prov. of Camarines. Luzon;0;122.793;14.013;0;0;P01983775;P01983775;Ramos;Bicol Region (Region V);0;Ramos, M.;<NA>;;
0;Popowia;polyandra;0;0;Ramos, M;;<NA>;nan;<NA>;01/12/1913 - 31/12/1913;1;12;1913;Merrill, ED;<NA>;;;;0;Philippines;0;Philippine Plants. Prov. of Camarines. Luzon;0;122.793;14.013;0;0;P01983243;P01983243;Ramos;Bicol Region (Region V);0;Ramos, M.;Merrill, E.D.;;
0;Friesodielsia;sp.;0;0;Ramos, M;;<NA>;nan;<NA>;01/02/1913 - 28/02/1913;1;2;1913;Kessler, P;01/11/2003 - 30/11/2003;1;11;2003;0;Philippines;0;Philippines. San Antonio. Prov. Laguna. Luzon;0;121.052;14.367;0;0;P01986124;P01986124;Ramos;Laguna;0;Ramos, M.;Kessler, P.;;
0;Annona;muricata;0;0;Ramos, M;;<NA>;nan;<NA>;01/08/1914 - 31/08/1914;1;8;1914;nan;<NA>;;;;0;Philippines;0;Philippine plants. Province of Batangas. Luzon;0;120.92550256115466;13.8591144;0;0;P01984608;P01984608;Ramos;Batangas;0;Ramos, M.;<NA>;;
0;Mitrephora;lanotan;0;0;Ramos, M;;<NA>;nan;<NA>;01/07/1914 - 31/08/1914;1;7;1914;Weerasooriya, AD;01/03/2001 - 31/03/2001;1;3;2001;0;Philippines;0;Philippines. Province of Batangas. Luzon;0;120.92550256115466;13.8591144;0;0;P00133829;P00133829;Ramos;Batangas;0;Ramos, M.;Weerasooriya, A.D.;;
0;Cyathocalyx;apoensis;0;0;Ramos, M;;<NA>;nan;<NA>;01/04/1914 - 30/04/1914;1;4;1914;Kessler, P;01/11/2003 - 30/11/2003;1;11;2003;0;Philippines;0;Philippine Plants. Samar;0;125.11;11.96;0;0;P01981685;P01981685;Ramos;Eastern Visayas (Region VIII);0;Ramos, M.;Kessler, P.;;
0;Goniothalamus;mindanaensis;0;0;Ramos, M;;<NA>;nan;<NA>;01/04/1914 - 30/04/1914;1;4;1914;nan;<NA>;;;;0;Philippines;0;Philippine plants. Samar;0;125.0;11.8333;0;0;P01988138;P01988138;Ramos;Samar;0;Ramos, M.;<NA>;;
0;Mitrephora;reflexa;0;0;Ramos, M;;<NA>;nan;<NA>;01/04/1914 - 30/04/1914;1;4;1914;Merrill, ED;<NA>;;;;0;Philippines;0;Philippine Plants. Samar;0;125.0;12.0;0;0;P01967896;P01967896;Ramos;Eastern Visayas (Region VIII);0;Ramos, M.;Merrill, E.D.;;
0;Mitrephora;samarensis;0;0;Ramos, M;;<NA>;nan;<NA>;01/04/1914 - 30/04/1914;1;4;1914;Kessler, P;03/09/1985 - 03/09/1985;3;9;1985;0;Philippines;0;Philippines. Samar;0;125.11;11.96;0;0;P00379284;P00379284;Ramos;Eastern Visayas (Region VIII);0;Ramos, M.;Kessler, P.;;
0;Neo-Uvaria;sp.;0;0;Ramos, M;;<NA>;nan;<NA>;01/03/1914 - 30/04/1914;1;3;1914;Kessler, P;01/05/2004 - 31/05/2004;1;5;2004;0;Philippines;0;Samar;0;125.0;12.0;0;0;P01954526;P01954526;Ramos;Eastern Visayas (Region VIII);0;Ramos, M.;Kessler, P.;;
0;Goniothalamus;oblongipetalus;0;0;Ramos, M;;<NA>;nan;<NA>;01/09/1915 - 30/09/1915;1;9;1915;nan;<NA>;;;;0;Philippines;0;Bulusan Volcano, Province de Sorsogon, Luzon;0;124.05727386474611;12.768989918370245;0;0;P01988136;P01988136;Ramos;Sorsogon;0;Ramos, M.;<NA>;;
0;Phaeanthus;ebracteolatus;0;0;Ramos, M;;<NA>;nan;<NA>;01/07/1915 - 31/08/1915;1;7;1915;Mols, JB;01/07/1998 - 31/07/1998;1;7;1998;0;Philippines;0;Philippines. Province of Sorsogon, Luzon.;0;123.916667;12.833333;0;0;P00372667;P00372667;Ramos;Sorsogon;0;Ramos, M.;Mols, J.B.;;
0;Popowia;polyandra;0;0;Ramos, M;;<NA>;nan;<NA>;01/07/1915 - 31/08/1915;1;7;1915;nan;<NA>;;;;0;Philippines;0;Philiippines. Province of Sorsogon. Luzon.;0;124.0052543;12.9707848;0;0;P01983244;P01983244;Ramos;Sorsogon;0;Ramos, M.;<NA>;;
0;Polyalthia;oblongifolia;0;0;Ramos, M;;<NA>;nan;<NA>;01/01/1915 - 31/01/1915;1;1;1915;nan;<NA>;;;;0;Philippines;0;Philippines. Province of Rizal. Luzon;0;121.25;14.65;0;0;P01983771;P01983771;Ramos;Rizal;0;Ramos, M.;<NA>;;
0;Phaeanthus;ebracteolatus;0;0;Ramos, M;;<NA>;nan;<NA>;01/08/1916 - 30/09/1916;1;8;1916;nan;<NA>;;;;0;Philippines;0;Philippines. Mt Umingan, Province de Nueva Ecija, Luzon;0;121.37;15.517;0;0;P01960453;P01960453;Ramos;Nueva Ecija;0;Ramos, M.;<NA>;;
0;Polyalthia;sp.;0;0;Ramos, M;;<NA>;nan;<NA>;01/08/1916 - 30/09/1916;1;8;1916;nan;<NA>;;;;0;Philippines;0;Philippines. Mt. Umingan. Province of Nueva Ecija. Luzon;0;121.37;15.517;0;0;P01983384;P01983384;Ramos;Nueva Ecija;0;Ramos, M.;<NA>;;
0;Neo-uvaria;sp.;0;0;Ramos, M;;<NA>;nan;<NA>;01/02/1916 - 31/03/1916;1;2;1916;Kessler, P;01/01/1989 - 31/12/1989;1;1;1989;0;Philippines;0;Philippines. Catubig River, Samar;0;125.03;12.467;0;0;P00267946;P00267946;Ramos;Northern Samar;0;Ramos, M.;Kessler, P.;;
0;Polyalthia;oblongifolia;0;0;Ramos, M;;<NA>;nan;<NA>;01/02/1916 - 31/03/1916;1;2;1916;nan;<NA>;;;;0;Philippines;0;Philippines. Catubig River, Samar;0;125.047;12.363;0;0;P01983772;P01983772;Ramos;Samar;0;Ramos, M.;<NA>;;
0;Dasymaschalon;clusiflorum;0;0;Ramos, M;;<NA>;nan;<NA>;01/07/1917 - 31/07/1917;1;7;1917;nan;<NA>;;;;0;Philippines;0;Philippines. Mt. Lumutan. Province of Rizal. Luzon;0;121.26;14.57;0;0;P02006241;P02006241;Ramos;Rizal;0;Ramos, M.;<NA>;;
0;Pseuduvaria;grandiflora;0;0;Ramos, M;;<NA>;nan;<NA>;01/02/1917 - 31/03/1917;1;2;1917;Kessler, P;03/09/1985 - 03/09/1985;3;9;1985;0;Philippines;0;Philippines. Bangui. Prov. of Ilocos Norte. Luzon;0;120.7657563;18.5367387;0;0;P00268516;P00268516;Ramos;Ilocos Norte;0;Ramos, M.;Kessler, P.;;
0;Polyalthia;sp.;0;0;Ramos, M;;<NA>;nan;<NA>;01/08/1918 - 31/08/1918;1;8;1918;nan;<NA>;;;;0;Philippines;0;Philippines. Mt. Nagapatan. Ilocos Norte Province. Luzon;0;120.765;18.255;0;0;P01982985;P01982985;Ramos;Ilocos Norte;0;Ramos, M.;<NA>;;
0;Mitrephora;lanotan;0;0;Ramos, M;;<NA>;nan;<NA>;01/07/1918 - 31/07/1918;1;7;1918;Weerasooriya, AD;01/03/2001 - 31/03/2001;1;3;2001;0;Philippines;0;Philippines. Burgos. Ilocos Norte Province. Luzon;0;120.6436311;18.5110086;0;0;P00133830;P00133830;Ramos;Ilocos Norte;0;Ramos, M.;Weerasooriya, A.D.;;
0;Phaeanthus;ebracteolatus;0;0;Ramos, M;;<NA>;nan;<NA>;01/07/1918 - 31/07/1918;1;7;1918;Mols, JB;01/07/1998 - 31/07/1998;1;7;1998;0;Philippines;0;Philippines. Burgos. Ilocos Norte Province. Luzon;0;120.6436311;18.5110086;0;0;P01960454;P01960454;Ramos;Ilocos Norte;0;Ramos, M.;Mols, J.B.;;
0;Phaeanthus;villosus;0;0;Ramos, M;;<NA>;nan;<NA>;01/04/1918 - 31/05/1918;1;4;1918;Mols, JB;01/07/1998 - 31/07/1998;1;7;1998;0;Philippines;0;Philippines. Mt. Macosolon. Capiz Province. Panay;0;124.332;13.953;0;0;P00372673;P00372673;Ramos;Capiz;0;Ramos, M.;Mols, J.B.;;
0;Desmos;chinensis;0;0;Ramos, M;;<NA>;nan;<NA>;01/10/1919 - 30/11/1919;1;10;1919;nan;<NA>;;;;0;Philippines;0;Philippines. Malangas, Zamboanga District Mindanao;0;123.03388888888888;7.626388888888889;0;0;P01753513;P01753513;Ramos;Zamboanga Sibugay;0;Ramos, M.;<NA>;;
0;Goniothalamus;elmeri;0;0;Ramos, M;;<NA>;nan;<NA>;01/06/1919 - 30/06/1919;1;6;1919;nan;<NA>;;;;0;Philippines;0;Philippines. Siargao Island;0;126.051;9.905;0;0;P01988168;P01988168;Ramos;Surigao del Norte;0;Ramos, M.;<NA>;;
0;Meiogyne;mindorensis;0;0;Ramos, M;;<NA>;nan;<NA>;01/06/1919 - 30/06/1919;1;6;1919;Kessler, P;01/05/2009 - 31/05/2009;1;5;2009;0;Philippines;0;Philippines. Siargao island;0;126.05119282649673;9.9051382;0;0;P02007491;P02007491;Ramos;Surigao del Norte;0;Ramos, M.;Kessler, P.;;
0;Oxymitra;oligophlebia;0;0;Ramos, M;;<NA>;nan;<NA>;01/06/1919 - 30/06/1919;1;6;1919;nan;<NA>;;;;0;Philippines;0;Philippines. Bucas Grande Island;0;125.959;9.66;0;0;P00411036;P00411036;Ramos;Surigao del Norte;0;Ramos, M.;<NA>;;
0;Polyalthia;sp.;0;0;Ramos, M;;<NA>;nan;<NA>;01/06/1919 - 30/06/1919;1;6;1919;nan;01/01/2004 - 31/12/2004;1;1;2004;0;Philippines;0;Philippines. Siargao Island;0;126.05;9.905;0;0;P00160919;P00160919;Ramos;Surigao del Norte;0;Ramos, M.;<NA>;;
0;Sageraea;glabra;0;0;Ramos, M;;<NA>;nan;<NA>;01/06/1919 - 30/06/1919;1;6;1919;nan;<NA>;;;;0;Philippines;0;Philippines. Siargao Island;0;126.05;9.905;0;0;P00247910;P00247910;Ramos;Surigao del Norte;0;Ramos, M.;<NA>;;
0;Artabotrys;cumingianus;0;0;Ramos, M;;<NA>;nan;<NA>;01/04/1921 - 30/04/1921;1;4;1921;nan;<NA>;;;;0;Philippines;0;Philippines. Paluan. Mindoro;0;120.4623373;13.4155816;0;0;P02029204;P02029204;Ramos;Occidental Mindoro;0;Ramos, M.;<NA>;;
0;Goniothalamus;puncticulifolius;0;0;Ramos, M;;<NA>;nan;<NA>;01/04/1921 - 30/04/1921;1;4;1921;nan;<NA>;;;;0;Philippines;0;Philippines. Paluan, Mindoro;0;120.4623373;13.4155816;0;0;P00389819;P00389819;Ramos;Occidental Mindoro;0;Ramos, M.;<NA>;;
0;Mitrephora;pictiflora;0;0;Ramos, M;;<NA>;nan;<NA>;01/12/1922 - 31/12/1922;1;12;1922;nan;<NA>;;;;0;Philippines;0;Philippines. Cabalian. Leyte;0;125.1743787;10.2623755;0;0;P01967902;P01967902;Ramos;Southern Leyte;0;Ramos, M.;<NA>;;
0;Mitrephora;reflexa;0;0;Ramos, M;;<NA>;nan;<NA>;01/12/1922 - 31/12/1922;1;12;1922;nan;<NA>;;;;0;Philippines;0;Philippines. Cabalian, Leyte;0;125.1752861;10.2653512;0;0;P01967892;P01967892;Ramos;Leyte;0;Ramos, M.;<NA>;;
0;Uvaria;micrantha;0;0;Ramos, M;;<NA>;nan;<NA>;01/09/1922 - 30/09/1922;1;9;1922;Meade, C;01/01/2000 - 31/12/2000;1;1;2000;0;Philippines;0;Philippines. Busuanga Island;0;120.03;12.145;0;0;P00260008;P00260008;Ramos;Palawan;0;Ramos, M.;Meade, C.;;
0;Uvaria;sorzogonensis;0;0;Ramos, M;;<NA>;nan;<NA>;01/09/1922 - 30/09/1922;1;9;1922;nan;<NA>;;;;0;Philippines;0;Philippines. Busuanga Island;0;120.0280968572961;12.1451487;0;0;P00248450;P00248450;Ramos;Palawan;0;Ramos, M.;<NA>;;
0;Friesodielsia;mindorensis;0;0;Ramos, M;;<NA>;nan;<NA>;01/06/1922 - 30/06/1922;1;6;1922;nan;<NA>;;;;0;Philippines;0;Philippines. Pinamalayan. Mindoro.;0;121.4801563;13.0386691;0;0;P00732383;P00732383;Ramos;Oriental Mindoro;0;Ramos, M.;<NA>;;
0;Goniothalamus;amuyon;0;0;Ramos, M;;<NA>;nan;<NA>;01/06/1922 - 30/06/1922;1;6;1922;nan;<NA>;;;;0;Philippines;0;Philippines. Pinamalayan, Mindoro;0;121.4801563;13.0386691;0;0;P01988178;P01988178;Ramos;Oriental Mindoro;0;Ramos, M.;<NA>;;
0;Phaeanthus;ebracteolatus;0;0;Ramos, M;;<NA>;nan;<NA>;01/06/1922 - 30/06/1922;1;6;1922;Kessler, P;01/05/2004 - 31/05/2004;1;5;2004;0;Philippines;0;Philippines. Pinamalayan. Mindoro;0;121.4801563;13.0386691;0;0;P01960456;P01960456;Ramos;Occidental Mindoro;0;Ramos, M.;Kessler, P.;;
0;Polyalthia;mindorensis;0;0;Ramos, M;;<NA>;nan;<NA>;01/06/1922 - 30/06/1922;1;6;1922;nan;<NA>;;;;0;Philippines;0;Philippines. Pinamalayan, Mindoro;0;121.4801563;13.0386691;0;0;P01983931;P01983931;Ramos;Oriental Mindoro;0;Ramos, M.;<NA>;;
0;Enicosanthum;grandifolium;0;0;Ramos, M;;<NA>;nan;<NA>;01/08/1923 - 31/10/1923;1;8;1923;nan;<NA>;;;;0;Philippines;0;Philippines. Bohol;0;124.1616;9.8333;0;0;P01986510;P01986510;Ramos;Bohol;0;Ramos, M.;<NA>;;
0;Haplostichanthus;lanceolata;0;0;Ramos, M;;<NA>;nan;<NA>;01/08/1923 - 31/10/1923;1;8;1923;nan;<NA>;;;;0;Philippines;0;Philippines. Bohol;0;124.1668297;9.8334673;0;0;P00750907;P00750907;Ramos;Bohol;0;Ramos, M.;<NA>;;
0;Phaeanthus;ebracteolatus;0;0;Ramos, M;;<NA>;nan;<NA>;01/08/1923 - 31/10/1923;1;8;1923;Kessler, P, Mols, JB;01/05/2004 - 31/05/2004;1;5;2004;0;Philippines;0;Philippines. Bohol;0;124.18;9.85;0, 0;0, 0;P01960458, P01960457;P01960458, P01960457;Ramos;;;;;;
0;Polyalthia;flava;0;0;Ramos, M;;<NA>;nan;<NA>;01/11/1924 - 31/12/1924;1;11;1924;nan;<NA>;;;;0;Philippines;0;Philippines. Mt. Marangay. Zambales Province. Luzon;0;120.1;15.23;0;0;P01983891;P01983891;Ramos;Zambales;0;Ramos, M.;<NA>;;
0;Uvaria;lancifolia;0;0;Ramos, M;;<NA>;nan;<NA>;01/11/1924 - 31/12/1924;1;11;1924;nan;<NA>;;;;0;Philippines;0;Philippines. Mt. Tapolao. Zambales Province. Luzon;0;120.121;15.481;0;0;P00260026;P00260026;Ramos;Zambales;0;Ramos, M.;<NA>;;
0;Meiogyne;mindorensis;0;0;Ramos, M;;<NA>;nan;<NA>;01/11/1925 - 31/12/1925;1;11;1925;Kessler, P;01/05/2004 - 31/05/2004;1;5;2004;0;Philippines;0;Philippines. Puerto Galera. Mindoro;0;120.9541838;13.5018252;0;0;P02007489;P02007489;Ramos;Oriental Mindoro;0;Ramos, M.;Kessler, P.;;
0;Artabotrys;cumingianus;0;0;Ramos, M;;<NA>;nan;<NA>;01/09/1926 - 31/10/1926;1;9;1926;nan;<NA>;;;;0;Philippines;0;Philippines Alabat Island;0;122.0147195;14.1057926;0;0;P02029205;P02029205;Ramos;Quezon;0;Ramos, M.;<NA>;;
0;Orophea;cumingiana;0;0;Ramos, M;;<NA>;nan;<NA>;01/09/1926 - 31/10/1926;1;9;1926;Kessler, P;15/02/1985 - 15/02/1985;15;2;1985;0;Philippines;0;Philippines. Alabat island;0;122.05;14.099;0;0;P01987502;P01987502;Ramos;Quezon;0;Ramos, M.;Kessler, P.;;
0;Polyalthia;lanceolata;0;0;Ramos, M;;<NA>;nan;<NA>;01/09/1926 - 31/10/1926;1;9;1926;nan;<NA>;;;;0;Philippines;0;Philippines. Alabat Island;0;122.03;14.12;0;0;P01983919;P01983919;Ramos;Quezon;0;Ramos, M.;<NA>;;
0;Polyalthia;rumphii;0;0;Ramos, M;;<NA>;nan;<NA>;01/09/1926 - 31/10/1926;1;9;1926;Merrill, ED;<NA>;;;;0;Philippines;0;Philippines. Alabat island;0;122.05;14.116667;0;0;P01983795;P01983795;Ramos;Quezon;0;Ramos, M.;Merrill, E.D.;;
0;Popowia;pisocarpa;0;0;Ramos, M;;<NA>;nan;<NA>;01/09/1926 - 31/10/1926;1;9;1926;nan;<NA>;;;;0;Philippines;0;Philippines. Alabat Island;0;122.03;14.12;0;0;P01983246;P01983246;Ramos;Quezon;0;Ramos, M.;<NA>;;
0;Haplostichanthus;lanceolata;0;0;Ramos, M;;<NA>;nan;<NA>;01/02/1926 - 31/03/1926;1;2;1926;nan;<NA>;;;;0;Philippines;0;Philippines. San Mariano. Isabela Province. Luzon;0;122.0127684;16.9835964;0;0;P01986543;P01986543;Ramos;Isabela;0;Ramos, M.;<NA>;;
0;Mitrephora;cagayanensis;0;0;Ramos, M;;<NA>;nan;<NA>;01/02/1926 - 31/03/1926;1;2;1926;nan;<NA>;;;;0;Philippines;0;Philippines. San Mariano. Isabela Province. Luzon;0;122.0127684;16.9835964;0;0;P01967858;P01967858;Ramos;Isabela;0;Ramos, M.;<NA>;;
0;Mitrephora;reflexa;0;0;Ramos, M;;<NA>;nan;<NA>;01/02/1926 - 31/03/1926;1;2;1926;nan;<NA>;;;;0;Philippines;0;Philippines. San Mariano. Isabela Province. Luzon;0;122.0127684;16.9835964;0;0;P01967895;P01967895;Ramos;Isabela;0;Ramos, M.;<NA>;;
0;Goniothalamus;mindanaensis;0;0;Ramos, M;;<NA>;nan;<NA>;01/04/1927 - 31/05/1927;1;4;1927;nan;<NA>;;;;0;Philippines;0;Philippines. Mt. Mayo. Davao province. Mindanao.;0;126.312;7.109;0;0;P01988137;P01988137;Ramos;Davao Oriental;0;Ramos, M.;<NA>;;
0;Mitrephora;samarensis;0;0;Reillo, J;;<NA>;nan;<NA>;01/09/1912 - 31/10/1912;1;9;1912;Kessler, P;01/05/2004 - 31/05/2004;1;5;2004;0;Philippines;0;Philippines. Santa Maria. District of Zamboanga. Mindanao;0;122.066;6.937;0;0;P01967886;P01967886;Reillo;Zamboanga del Sur;0;Reillo, J.;Kessler, P.;;
0;Polyalthia;sp.;0;0;Reillo, J;;<NA>;nan;<NA>;01/09/1912 - 31/10/1912;1;9;1912;nan;<NA>;;;;0;Philippines;0;Philippines. Santa Maria. District of Zamboanga. Mindanao;0;122.066;6.938;0;0;P01983397;P01983397;Reillo;Zamboanga del Sur;0;Reillo, J.;<NA>;;
0;Uvaria;sp.;0;0;Reillo, J;;<NA>;nan;<NA>;01/09/1912 - 31/10/1912;1;9;1912;nan;<NA>;;;;0;Philippines;0;Philippines. Santa Maria. District of Zamboanga. Mindanao;0;122.0655;6.933;0;0;P01964271;P01964271;Reillo;Zamboanga del Sur;0;Reillo, J.;<NA>;;
0;Annona;muricata;0;0;Reillo, J;;<NA>;nan;<NA>;12/08/1912 - 12/08/1912;12;8;1912;nan;<NA>;;;;0;Philippines;0;Philippines. Basilan. Binuangan;0;121.9888;6.7029;0;0;P01984611;P01984611;Reillo;Basilan;0;Reillo, J.;<NA>;;
0;Dasymaschalon;sp.;0;0;Robinson, CB;;<NA>;nan;<NA>;27/12/1912 - 31/12/1912;27;12;1912;Kessler, P;01/05/2004 - 31/05/2004;1;5;2004;0;Philippines;0;Philippines. Province of Iloilo. Panay;0;122.544;10.965;0;0;P02006261;P02006261;Robinson;Iloilo;0;Robinson, C.B.;Kessler, P.;;
0;Uvaria;ovalifolia;0;0;Whitford, HN;;<NA>;nan;<NA>;01/09/1912 - 30/09/1912;1;9;1912;nan;<NA>;;;;0;Philippines;0;Philippines. Mt. Maquiling, Province of Laguna, Luzon.;0;121.19840812578333;14.132530088770137;0;0;P00248499;P00248499;Whitford;Laguna;0;Whitford, H.N.;<NA>;;
0;Polyalthia;sp.;0;0;nan;;<NA>;nan;<NA>;01/01/1840 - 31/12/1840;1;1;1840;nan;26/10/1989 - 26/10/1989;26;10;1989;0;Philippines;0;Manille. Calawan.;0;121.3149851;14.1453986;0;0;P01982954;P01982954;;Laguna;0;Calléry;Kessler, P.;Calléry;recby_problem
0;Uvaria;rufa;0;0;nan;;<NA>;nan;<NA>;01/01/1840 - 31/12/1840;1;1;1840;nan;05/09/1985 - 05/09/1985;5;9;1985;0;Philippines;0;Manille. Pangasinan.;0;121.054;14.52;0;0;P00248473;P00248473;;National Capital Region (NCR);0;Calléry;Kessler, P.;Calléry;recby_problem
0;Uvaria;sp.;0;0;nan;;<NA>;nan;<NA>;01/01/1840 - 31/12/1840;1;1;1840;nan;<NA>;;;;0;Philippines;0;Manille. Calawan.;0;121.315;14.1454;0;0;P01964278;P01964278;;Laguna;0;Calléry;<NA>;Calléry;recby_problem
0;Oxymirta;longiflora;0;0;nan;;<NA>;nan;<NA>;01/06/1907 - 30/06/1907;1;6;1907;nan;05/02/2008 - 05/02/2008;5;2;2008;0;Philippines;0;Philippines. Camp Keith Lake, Lanao. Mindanao;0;124.283;8.008;0;0;P00601041;P00601041;;Lanao del Sur;0;Strong Clemens, M.;Rainer, H.;, M.;recby_problem
0;Anaxagorea;luzonensis;0;0;nan;;<NA>;nan;<NA>;01/11/1910 - 31/12/1910;1;11;1910;nan;01/01/1984 - 31/12/1984;1;1;1984;0;Philippines;0;Philippines. Calauan. Prov. of Laguna. Luzon;0;121.3149851;14.1453986;0;0;P01960550;P01960550;;Laguna;0;McGregor, R.C.;Maas, P.J.M. et Westra, L.Y.T.;McGregor, R.C.;recby_problem
0;Uvaria;sp.;0;0;nan;;<NA>;nan;<NA>;01/08/1912 - 31/08/1912;1;8;1912;nan;<NA>;;;;0;Philippines;0;Philippines. District of Davao. Mindanao;0;125.6090916;7.0644123;0;0;P01964272;P01964272;;Davao del Sur;0;Fénix, E.;<NA>;Fénix, E.;recby_problem
0;Goniothalamus;sp.;0;0;nan;;<NA>;nan;<NA>;01/06/1914 - 30/06/1914;1;6;1914;nan;09/09/1985 - 09/09/1985;9;9;1985;0;Philippines;0;Philippines. Biliran;0;124.49;11.6;0;0;P01988187;P01988187;;Biliran;0;McGregor, R.C.;Kessler, P.;McGregor, R.C.;recby_problem
0;Sageraea;lanceolata;0;0;nan;;<NA>;nan;<NA>;01/06/1914 - 30/06/1914;1;6;1914;nan;01/01/1994 - 31/12/1994;1;1;1994;0;Philippines;0;Philippines. Biliran;0;124.475278;11.466667;0;0;P00247913;P00247913;;Biliran;0;McGregor, R.C.;van Heusden, E.C.H.;McGregor, R.C.;recby_problem
0;Uvaria;sp.;0;0;nan;;<NA>;nan;<NA>;01/06/1914 - 30/06/1914;1;6;1914;nan;<NA>;;;;0;Philippines;0;Philippines. Biliran;0;124.47;11.58;0;0;P01964280;P01964280;;Biliran;0;McGregor, R.C.;<NA>;McGregor, R.C.;recby_problem
0;Friesodielsia;bakeri;0;0;nan;;<NA>;nan;<NA>;01/06/1915 - 31/08/1915;1;6;1915;nan;<NA>;;;;0;Philippines;0;Philippines. Province of Laguna. Luzon;0;121.3336;14.1696;0;0;P01986109;P01986109;;Laguna;0;McGregor, R.C.;<NA>;McGregor, R.C.;recby_problem
0;Enicosanthum;grandifolium;0;0;nan;;<NA>;nan;<NA>;01/12/1916 - 31/12/1916;1;12;1916;nan;<NA>;;;;0;Philippines;0;Philippines. Mt Cabangaan, Butulan, Province de Zambales, Luzon;0;120.215;14.887;0;0;P01986511;P01986511;;Zambales;0;Edaño, G.;<NA>;Edaño, G.;recby_problem
0;Neo-uvaria;sp.;0;0;nan;;<NA>;nan;<NA>;01/11/1917 - 30/11/1917;1;11;1917;nan;01/10/1989 - 31/10/1989;1;10;1989;0;Philippines;0;Philippines. Mt. San Isidro. Labrador. Prov. of Pangasinan. Luzon;0;120.117;15.985;0;0;P00267942;P00267942;;Pangasinan;0;Fénix, E.;Kessler, P.;Fénix, E.;recby_problem
0;Mitrephora;sp.;0;0;nan;;<NA>;nan;<NA>;01/05/1917 - 31/05/1917;1;5;1917;nan;09/09/1985 - 09/09/1985;9;9;1985;0;Philippines;0;Philippines. Apayao Subprovince. Luzon.;0;121.17;18.1;0;0;P01967865;P01967865;;Apayao;0;Fénix, E.;Kessler, P.;Fénix, E.;recby_problem
0;Enicosanthum;grandifolium;0;0;nan;;<NA>;nan;<NA>;01/10/1925 - 30/11/1925;1;10;1925;nan;01/01/1987 - 31/12/1987;1;1;1987;0;Philippines;0;Philippines. Capiz Province. Panay;0;122.7909577;11.5544662;0;0;P01986508;P01986508;;Capiz;0;Edaño, G.;van Setten, A.K.;Edaño, G.;recby_problem
0;Uvaria;panayensis;0;0;nan;;<NA>;nan;<NA>;01/10/1925 - 30/11/1925;1;10;1925;nan;<NA>;;;;0;Philippines;0;Philippines. Capiz Province. Panay;0;122.7909577;11.5544662;0;0;P00248494;P00248494;;Capiz;0;Edaño, G.;<NA>;Edaño, G.;recby_problem
0;Mitrephora;lanotan;0;0;nan;;<NA>;nan;<NA>;01/12/1926 - 31/12/1926;1;12;1926;nan;<NA>;;;;0;Philippines;0;Philippines. San Andales. Rizal Province. Luzon;0;121.35249999999999;14.635833333333332;0;0;P01967848;P01967848;;Rizal;0;Edaño, G.;<NA>;Edaño, G.;recby_problem
