scientific_name;genus;country_id;locality;ddlat;ddlong;recorded_by;colnum_full;col_day;col_month;col_year;det_by;det_date;institute;herbarium_code;orig_bc;specificEpithet;species_author;collector_id;prefix;sufix;col_date;det_day;det_month;det_year;country;continent;coordinate_id;barcode;colnum;specific_epithet;orig_recby;orig_detby;to_check;to_check_det
Uvaria L.;Uvaria;PH;<NA>;15.2628;120.8786;<NA>;;;;;;<NA>;NHMUK;BOT;BM000754062;0;0;0;;;0;;;;0;0;0;BM000754062;nan;;<NA>;<NA>;<NA>;recby_problem
Cyathocalyx apoensis (Elmer) J.Sinclair;Drepananthus;PH;Todaya (Mt. Apo), District of Davao.;7.0;125.26666;Elmer, ADE;Elmer 11290;;8;1909;;<NA>;MO;MO;2098446;0;0;0;Elmer;;0;;;;0;0;0;MO2098446;11290;apoensis;Adolph D.E. Elmer;<NA>;Adolph D.E. Elmer;recby_problem
Polyalthia obliqua Hook.f. & Thomson;Polyalthia;PH;Aroman, Carmen, Cotabato Province, Mindanao;7.1709;124.4709;Añonuevo, P;Añonuevo, P PNH 13575 ;21;6;1950;;<NA>;<NA>;Botany;L.1767283;0;0;0;A;;0;;;;0;0;0;L1767283;13575;obliqua;Añonuevo P;Heusden ECH van;Añonuevo P;recby_problem
Popowia Endl.;Popowia;PH;Alah Valley, Banga Cotabato Province Mindanao.;6.423889;124.778333;Añonuevo, P;Añonuevo, P PNH 13635 ;6;9;1950;;1988-06-01T00:00:00;<NA>;Botany;L.1763793;0;0;0;A;;0;1;6;1988;0;0;0;L1763793;13635;;Añonuevo P;Kessler PJA;Añonuevo P;recby_problem
Anaxagorea A.St.-Hil.;Anaxagorea;PH;Tungao, Agusan Province Mindanao.;8.777222;125.571944;Añonuevo, P;Añonuevo, P PNH 13731 ;31;5;1950;;1988-10-01T00:00:00;<NA>;Botany;L.1755429;0;0;0;A;;0;1;10;1988;0;0;0;L1755429;13731;;Añonuevo P;Kessler PJA;Añonuevo P;recby_problem
Desmos chinensis Lour.;Desmos;PH;On ridge above camp two towards Cleopatra Needle by rock overhang.;10.116667;118.966667;Argent, GCG;25407;21;1;1998;;<NA>;E;E;E00210855;0;0;0;;;0;;;;0;0;0;E00210855;25407;chinensis;Argent, G.C.G., Cronk, Q., Mendum, M., Middleton, D.J., Wilkie, P.;<NA>;Middleton, D.J., Wilkie, P.;recby_problem
Orophea enterocarpa Maingay ex Hook.f. & Thomson;Orophea;PH;On path from camp two towards Cleopatra Needle.;10.116667;118.966667;Argent, GCG;25380;20;1;1998;;<NA>;E;E;E00210862;0;0;0;;;0;;;;0;0;0;E00210862;25380;enterocarpa;Argent, G.C.G., Cronk, Q., Mendum, M., Middleton, D.J., Wilkie, P.;<NA>;Middleton, D.J., Wilkie, P.;recby_problem
Annonaceae;<NA>;PH;Barangay Banawang. Sitio Ulingan;14.616667;120.383333;Argent, GCG;99307;17;11;1999;;<NA>;E;E;E00271066;0;0;0;;;0;;;;0;0;0;E00271066;99307;;Argent, G.C.G., Wilkie, P., Mendum, M., Fuentes, R.;<NA>;Fuentes, R.;recby_problem
Annonaceae;<NA>;PH;"Luzon Isl; Masbate Prov. - 7-R Ranch, Sitio Kalunakan, Brgy. Matipuron, Milagros";12.2183;123.508;Barbon, EB;Collector Number: 12621;12;2;1994;;<NA>;BPBM;BISH;681540;0;0;0;Collector;;0;;;;0;0;0;BISH681540;12621;;"Barbon, E.B. Garcia; Fernando";<NA>;arcia;recby_problem
Polyalthia Blume;Polyalthia;PH;Luzon Island - Prov. - Isabela. So. Kapuntian, Brgy, San Jose, San Mariano;16.9853;122.034;Barbon, EB;Collector Number: PPI No 13103;10;7;1994;;<NA>;BPBM;BISH;664972;0;0;0;Collector;;0;;;;0;0;0;BISH664972;13103;;"Barbon, E.B. Romero; Fuentes";<NA>;omero;recby_problem
Uvaria L.;Uvaria;PH;So. Kapuntian, Brgy. San Jose, San Marino;16.995;122.038;Barbon, EB;Collector Number: 13151;13;7;1994;;<NA>;BPBM;BISH;681666;0;0;0;Collector;;0;;;;0;0;0;BISH681666;13151;;"Barbon, E.B. Romero; Fuentes";<NA>;omero;recby_problem
Polyalthia Blume;Polyalthia;PH;Philippines, Baguio, Mt. Prov.;16.417155;120.590998;Baskiñas, LC;Baskiñas, LC  79 ;22;12;1923;;2002-07-01T00:00:00;<NA>;Botany;L.1770021;0;0;0;Baski;;0;1;7;2002;0;0;0;L1770021;79;;Baskiñas LC;Kessler PJA;Baskiñas LC;recby_problem
Goniothalamus philippinensis Merr.;Goniothalamus;PH;Badok, Naujan, Mindoro.;13.108;121.32;Celestinó, M;"Celestinó, M; Castro, A PNH 1940 ";4;10;1947;;<NA>;<NA>;Botany;L.2067142;0;0;0;Celestin;;0;;;;0;0;0;L2067142;1940;philippinensis;"Celestinó, M; Castro A";Merrill ED;Celestinó, M;recby_problem
Phaeanthus Hook.f. & Thomson;Phaeanthus;PH;Sagpangan, Aborlan, Palawan.;9.533333;118.566667;Celestinó, M;"Celestinó, M; Ramos, J PNH 23064 ";18;5;1955;;2008-03-01T00:00:00;<NA>;Botany;L.2105956;0;0;0;Celestin;;0;1;3;2008;0;0;0;L2105956;23064;;"Celestinó, M; Ramos J";Chaowasku T;Celestinó, M;recby_problem
Polyalthia obliqua Hook.f. & Thomson;Polyalthia;PH;Sagpangan, Aborlan, Palawan;9.533333;118.566667;Celestinó, M;"Celestinó, M; Ramos, J PNH 23037 ";12;5;1955;;2000-09-01T00:00:00;<NA>;Botany;L.1767284;0;0;0;Celestin;;0;1;9;2000;0;0;0;L1767284;23037;obliqua;"Celestinó, M; Ramos J";Kessler PJA;Celestinó, M;recby_problem
Orophea creaghii (Ridl.) Leonardía & Kessler;Orophea;PH;Along creek.;9.433333;118.55;Celestinó, M;"Celestinó, M; Ramos, J PNH 23041 ";13;5;1955;;1999-07-01T00:00:00;<NA>;Botany;L.1766271;0;0;0;Celestin;;0;1;7;1999;0;0;0;L1766271;23041;creaghii;"Celestinó, M; Ramos J";Leonardía, AAP;Celestinó, M;recby_problem
Phaeanthus ebracteolatus (C.Presl) Merr.;Phaeanthus;PH;"Philippines, Palawan, Procince Palawan, Sagpangan, Aborlan, along Sagpaang River, c. 9.26 N; 118.33 E.";9.433333;118.55;Celestinó, M;"Celestinó, M; Ramos, J PNH 23064 ";18;5;1955;;<NA>;<NA>;Botany;L.1758777;0;0;0;Celestin;;0;;;;0;0;0;L1758777;23064;ophthalmicus;"Celestinó, M; Ramos J";Mols JB;Celestinó, M;recby_problem
Phaeanthus ebracteolatus (C.Presl) Merr.;Phaeanthus;PH;"Philippines, Palawan, Province Aborlan, Sagpañgan, c. 9.32 N; 118.34 E.";9.533333;118.566667;Celestinó, M;"Celestinó, M; Ramos, J PNH 23054 ";17;5;1955;;<NA>;<NA>;Botany;L.1758778;0;0;0;Celestin;;0;;;;0;0;0;L1758778;23054;ophthalmicus;"Celestinó, M; Ramos J";Mols JB;Celestinó, M;recby_problem
Goniothalamus philippinensis Merr.;Goniothalamus;PH;Mindanao - Camp Keithley, Lake Lanao, Mindanao;8.0;125.0;Clemens, MS;;;;;;<NA>;G;Geneva Herbarium – General Collection (G);G-G-191210/2;0;0;0;;;0;;;;0;0;0;G-G-191210/2;nan;philippinensis;Clemens, M. S. (Coll. De Candolle);<NA>;oll. De Candolle);recby_problem
Goniothalamus philippinensis Merr.;Goniothalamus;PH;Mindanao - Camp Keithley, Lake Lanao, Mindanao;8.0;125.0;Clemens, MS;;;;;;<NA>;G;Geneva Herbarium – General Collection (G);G-G-191210/1;0;0;0;;;0;;;;0;0;0;G-G-191210/1;nan;philippinensis;Clemens, M. S. (Coll. Delessert 1909);<NA>;oll. Delessert 1909);recby_problem
Miliusa Lesch. ex A.DC.;Miliusa;PH;Antipolo, Province of Rizal.;16.42;120.62;Ahern;s.n.;;4;1904;;2004-03-01T00:00:00;NSW;NSW;NSW433822;0;0;0;s;;0;1;3;2004;0;0;0;NSW433822;nan;;Collector, Ahern's;Mols, J.B.;'s;recby_problem
Orophea corymbosa (Blume) Miq.;Orophea;PH;Luzon;16.0;121.0;Cuming, H;;;;;Kessler, PJA;<NA>;G;Geneva Herbarium – General Collection (G);G-G-196237/1;0;0;0;;;0;;;;0;0;0;G-G-196237/1;nan;corymbosa;Cuming, H.;Kessler, P. J. A. (1986);detby_problem;1986)
Orophea corymbosa (Blume) Miq.;Orophea;PH;Luzon;16.0;121.0;Cuming, H;;;;;;<NA>;G;Geneva Herbarium – General Collection (G);G-G-196237/2;0;0;0;;;0;;;;0;0;0;G-G-196237/2;nan;corymbosa;Cuming, H. (Coll. Boissier et Barbey- Boissier);Kessler, P. J. A. (1986);(Coll. Boissier et Barbey- Boissier);recby_problem
Popowia pisocarpa (Blume) Endl.;Popowia;PH;Philippines, Luzon, Camarines Sur, Her-It River.;13.666667;123.333333;Edaño, GE;Edaño, GE BS 76438 ;1;12;1928;;<NA>;<NA>;Botany;U.1080069;0;0;0;Eda;;0;;;;0;0;0;U1080069;76438;pisocarpa;Edaño, GE;<NA>;Edaño, GE;recby_problem
Goniothalamus elmeri Merr.;Goniothalamus;PH;Philippines, Luzon, Bataan Province, Lamao.;14.51;120.607777;Edaño, GE;Edaño, GE PNH 4169 ;1;11;1947;;<NA>;<NA>;Botany;L.3966177;0;0;0;Eda;;0;;;;0;0;0;L3966177;4169;elmeri;Edaño, GE;Merrill ED;Edaño, GE;recby_problem
Goniothalamus elmeri Merr.;Goniothalamus;PH;Philippines, Luzon, Bataan Province, Lamao.;14.51;120.607777;Edaño, GE;Edaño, GE PNH 4169 ;1;11;1947;;<NA>;<NA>;Botany;L.3966178;0;0;0;Eda;;0;;;;0;0;0;L3966178;4169;elmeri;Edaño, GE;Merrill ED;Edaño, GE;recby_problem
Phaeanthus ebracteolatus (C.Presl) Merr.;Phaeanthus;PH;Philippines, Luzon, Camarines Sur, Her-It River.;13.666667;123.333333;Edaño, GE;Edaño, GE BS 76448 ;1;12;1928;;1998-05-01T00:00:00;<NA>;Botany;U.1090498;0;0;0;Eda;;0;1;5;1998;0;0;0;U1090498;76448;ophthalmicus;Edaño, GE;Mols JB;Edaño, GE;recby_problem
Goniothalamus elmeri Merr.;Goniothalamus;PH;Philippines, Luzon, Province of Zambales, San Marcelino, Mt. Aglao.;14.978452;120.282929;Edaño, GE;Edaño, GE BS 26807 ;1;12;1916;;<NA>;<NA>;Botany;L.3966179;0;0;0;Eda;;0;;;;0;0;0;L3966179;26807;elmeri;Edaño, GE;<NA>;Edaño, GE;recby_problem
Goniothalamus (Blume) Hook.f. & Thomson;Goniothalamus;PH;Philippines, Mindanao, Davao Province, Mt. Mayo.;7.099444;126.311667;Edaño, GE;Edaño, GE PNH 11341 ;5;4;1949;;<NA>;<NA>;Botany;L.2067204;0;0;0;Eda;;0;;;;0;0;0;L2067204;11341;;Edaño, GE;Merrill ED;Edaño, GE;recby_problem
Goniothalamus philippinensis Merr.;Goniothalamus;PH;Philippines, Leyte, Ormoc, Lake Danao.;11.067941;124.702352;Edaño, GE;Edaño, GE PNH 11931 ;21;3;1950;;2014-10-01T00:00:00;<NA>;Botany;L.2067252;0;0;0;Eda;;0;1;10;2014;0;0;0;L2067252;11931;philippinensis;Edaño, GE;Tang CC;Edaño, GE;recby_problem
Polyalthia Blume;Polyalthia;PH;Philippines, Samar, Mount Sarawag.;12.1825;124.9503;Edaño, GE;Edaño, GE PNH 15251 ;3;12;1951;;<NA>;<NA>;Botany;L.1770026;0;0;0;Eda;;0;;;;0;0;0;L1770026;15251;;Edaño, GE;<NA>;Edaño, GE;recby_problem
Annonaceae;<NA>;PH;Philippines, Samar, Mount Sarawag.;12.1825;124.9503;Edaño, GE;Edaño, GE PNH 15283 ;4;12;1951;;<NA>;<NA>;Botany;L.1768880;0;0;0;Eda;;0;;;;0;0;0;L1768880;15283;;Edaño, GE;<NA>;Edaño, GE;recby_problem
Uvaria L.;Uvaria;PH;Philippines, Mindanao, Davao Province, Mt. Mayo.;7.099444;126.311667;Edaño, GE;Edaño, GE PNH 11385 ;5;4;1949;;<NA>;<NA>;Botany;L.1768265;0;0;0;Eda;;0;;;;0;0;0;L1768265;11385;;Edaño, GE;Merrill ED;Edaño, GE;recby_problem
Uvaria L.;Uvaria;PH;Philippines, Mindanao, Davao Province, Mt. Mayo.;7.099444;126.311667;Edaño, GE;Edaño, GE PNH 11385 ;5;4;1949;;<NA>;<NA>;Botany;L.1768266;0;0;0;Eda;;0;;;;0;0;0;L1768266;11385;;Edaño, GE;Merrill ED;Edaño, GE;recby_problem
Pseuduvaria luzoniensis (Merr.) Y.C.F.Su & R.M.K.Saunders;Pseuduvaria;PH;Philippines, Luzon, Ilocos Norte Province, Mt. Pico de Loro.;18.511111;120.885;Edaño, GE;Edaño, GE PNH 17976 ;1;2;1953;;2001-09-01T00:00:00;<NA>;Botany;L.1764449;0;0;0;Eda;;0;1;9;2001;0;0;0;L1764449;17976;luzoniensis;Edaño, GE;Su YCF;Edaño, GE;recby_problem
Meiogyne virgata (Blume) Miq.;Meiogyne;PH;Philippines, Luzon, Sorsogon Province, Mt. Juban.;12.797602;123.933841;Edaño, GE;Edaño, GE PNH 37114 ;13;6;1956;;<NA>;<NA>;Botany;L.1765892;0;0;0;Eda;;0;;;;0;0;0;L1765892;37114;virgata;Edaño, GE;Heusden ECH van;Edaño, GE;recby_problem
Uvaria rufa (Dunal) Blume;Uvaria;PH;Philippines, Mindanao, Davao Province, Tibanban.;6.631533;126.105482;Edaño, GE;Edaño, GE PNH 11030 ;1;8;1949;;2002-05-22T00:00:00;<NA>;Botany;L.1768745;0;0;0;Eda;;0;22;5;2002;0;0;0;L1768745;11030;rufa;Edaño, GE;<NA>;Edaño, GE;recby_problem
Orophea cumingiana S.Vidal;Orophea;PH;Philippines, Palawan, Victoria Mountains.;9.618517;118.55925;Edaño, GE;Edaño, GE PNH 14239 ;17;3;1951;;1984-08-01T00:00:00;<NA>;Botany;L.1766224;0;0;0;Eda;;0;1;8;1984;0;0;0;L1766224;14239;cumingiana;Edaño, GE;Kessler PJA;Edaño, GE;recby_problem
Orophea cumingiana S.Vidal;Orophea;PH;Philippines, Palawan, Victoria Mountains.;9.618517;118.55925;Edaño, GE;Edaño, GE PNH 14239 ;17;3;1951;;1984-08-01T00:00:00;<NA>;Botany;L.1766225;0;0;0;Eda;;0;1;8;1984;0;0;0;L1766225;14239;cumingiana;Edaño, GE;Kessler PJA;Edaño, GE;recby_problem
Pseuduvaria luzoniensis (Merr.) Y.C.F.Su & R.M.K.Saunders;Pseuduvaria;PH;Philippines, Luzon, Ilocos Norte Province, Mt. Pico de Loro.;18.511111;120.885;Edaño, GE;Edaño, GE PNH 17976 ;1;2;1953;;2001-09-01T00:00:00;<NA>;Botany;L.1764450;0;0;0;Eda;;0;1;9;2001;0;0;0;L1764450;17976;luzoniensis;Edaño, GE;Su YCF;Edaño, GE;recby_problem
Polyalthia lanceolata S.Vidal;Haplostichanthus;PH;Philippines, Luzon, Sorsogon Province, Mt. Juban.;12.797602;123.933841;Edaño, GE;Edaño, GE PNH 37135 ;14;6;1956;;2012-10-01T00:00:00;<NA>;Botany;L.1762659;0;0;0;Eda;;0;1;10;2012;0;0;0;L1762659;37135;lanceolata;Edaño, GE;Xue B;Edaño, GE;recby_problem
Maasia glauca (Hassk.) Mols, Kessler & Rogstad;Maasia;PH;Philippines, Mindanao, Davao Province, Mt. Hamiguitan.;6.745277;126.173611;Edaño, GE;Edaño, GE PNH 11127 ;1;8;1949;;<NA>;<NA>;Botany;L.1761227;0;0;0;Eda;;0;;;;0;0;0;L1761227;11127;glauca;Edaño, GE;<NA>;Edaño, GE;recby_problem
Maasia glauca (Hassk.) Mols, Kessler & Rogstad;Maasia;PH;Philippines, Mindanao, Davao Province, Mt. Hamiguitan.;6.745277;126.173611;Edaño, GE;Edaño, GE PNH 11127 ;1;8;1949;;<NA>;<NA>;Botany;L.1761228;0;0;0;Eda;;0;;;;0;0;0;L1761228;11127;glauca;Edaño, GE;<NA>;Edaño, GE;recby_problem
Mitrephora sorsogonensis Elmer ex Weeras. & R.M.K.Saunders;Mitrephora;PH;Philippines, Luzon, Ilocos Norte Province, Mt. Quebrada.;18.490833;120.803056;Edaño, GE;Edaño, GE PNH 17901 ;28;2;1953;;2001-03-01T00:00:00;<NA>;Botany;L.1762102;0;0;0;Eda;;0;1;3;2001;0;0;0;L1762102;17901;sorsogonensis;Edaño, GE;Weerasooriya AD;Edaño, GE;recby_problem
Mitrephora sorsogonensis Elmer ex Weeras. & R.M.K.Saunders;Mitrephora;PH;Philippines, Luzon, Ilocos Norte Province, Mt. Quebrada.;18.490833;120.803056;Edaño, GE;Edaño, GE PNH 17901 ;28;2;1953;;2001-03-01T00:00:00;<NA>;Botany;L.1762103;0;0;0;Eda;;0;1;3;2001;0;0;0;L1762103;17901;sorsogonensis;Edaño, GE;Weerasooriya AD;Edaño, GE;recby_problem
Phaeanthus ebracteolatus (C.Presl) Merr.;Phaeanthus;PH;Philippines, Luzon, Bataan Province, Lamao.;14.51;120.607777;Edaño, GE;Edaño, GE PNH 4078 ;1;11;1947;;<NA>;<NA>;Botany;L.1758813;0;0;0;Eda;;0;;;;0;0;0;L1758813;4078;ophthalmicus;Edaño, GE;Mols JB;Edaño, GE;recby_problem
Phaeanthus ebracteolatus (C.Presl) Merr.;Phaeanthus;PH;Philippines, Luzon, Sorsogon Province, Mt. Juban.;12.797602;123.933841;Edaño, GE;Edaño, GE PNH 37116 ;13;6;1956;;<NA>;<NA>;Botany;L.1758747;0;0;0;Eda;;0;;;;0;0;0;L1758747;37116;ophthalmicus;Edaño, GE;Mols JB;Edaño, GE;recby_problem
Phaeanthus ebracteolatus (C.Presl) Merr.;Phaeanthus;PH;Philippines, Luzon, Bataan Province, Lamao.;14.51;120.607777;Edaño, GE;Edaño, GE PNH 4078 ;1;11;1947;;<NA>;<NA>;Botany;L.1758814;0;0;0;Eda;;0;;;;0;0;0;L1758814;4078;ophthalmicus;Edaño, GE;Mols JB;Edaño, GE;recby_problem
Mitrephora lanotan (Blanco) Merr.;Mitrephora;PH;Philippines, Luzon, Ilocos Norte Province, Mt. Quebrada.;18.490833;120.803056;Edaño, GE;Edaño, GE PNH 17872 ;1;3;1953;;2001-03-01T00:00:00;<NA>;Botany;L.1757263;0;0;0;Eda;;0;1;3;2001;0;0;0;L1757263;17872;lanotan;Edaño, GE;Weerasooriya AD;Edaño, GE;recby_problem
Dasymaschalon clusiflorum (Merr.) Merr.;Dasymaschalon;PH;Philippines, Luzon, Bataan Province, Lamao.;14.51;120.607777;Edaño, GE;Edaño, GE PNH 4052 ;1;11;1947;;<NA>;<NA>;Botany;L.1756247;0;0;0;Eda;;0;;;;0;0;0;L1756247;4052;clusiflorum;Edaño, GE;Merrill ED;Edaño, GE;recby_problem
Mitrephora lanotan (Blanco) Merr.;Mitrephora;PH;Philippines, Luzon, Bataan Province, Lamao.;14.51;120.607777;Edaño, GE;Edaño, GE PNH 4054 ;1;11;1947;;<NA>;<NA>;Botany;L.1757278;0;0;0;Eda;;0;;;;0;0;0;L1757278;4054;lanotan;Edaño, GE;Merrill ED;Edaño, GE;recby_problem
Enicosanthum Becc.;Enicosanthum;PH;Philippines, Samar, Mt. Capotoan.;12.1528;124.9351;Edaño, GE;Edaño, GE PNH 15566 ;1;1;1952;;<NA>;<NA>;Botany;L.1754319;0;0;0;Eda;;0;;;;0;0;0;L1754319;15566;;Edaño, GE;Sinclair J;Edaño, GE;recby_problem
Enicosanthum Becc.;Enicosanthum;PH;Philippines, Samar, Mt. Capotoan.;12.1528;124.9351;Edaño, GE;Edaño, GE PNH 15566 ;1;1;1952;;<NA>;<NA>;Botany;L.1754318;0;0;0;Eda;;0;;;;0;0;0;L1754318;15566;;Edaño, GE;Sinclair J;Edaño, GE;recby_problem
Artabotrys R.Br.;Artabotrys;PH;Philippines, Mindanao, Davao Province, Mt. Haguimitan.;6.745277;126.173611;Edaño, GE;Edaño, GE PNH 11000 ;8;8;1949;;<NA>;<NA>;Botany;L.1753495;0;0;0;Eda;;0;;;;0;0;0;L1753495;11000;;Edaño, GE;<NA>;Edaño, GE;recby_problem
Artabotrys R.Br.;Artabotrys;PH;Philippines, Mindanao, Davao Province, Tibanban.;6.631533;126.105482;Edaño, GE;Edaño, GE PNH 11023 ;12;8;1949;;<NA>;<NA>;Botany;L.1753496;0;0;0;Eda;;0;;;;0;0;0;L1753496;11023;;Edaño, GE;<NA>;Edaño, GE;recby_problem
Artabotrys suaveolens (Blume) Blume;Artabotrys;PH;Philippines, Mindanao, Davao Province, Tibanban.;6.631533;126.105482;Edaño, GE;Edaño, GE PNH 11023 ;1;8;1949;;<NA>;<NA>;Botany;L.1749633;0;0;0;Eda;;0;;;;0;0;0;L1749633;11023;suaveolens;Edaño, GE;Merrill ED;Edaño, GE;recby_problem
Artabotrys suaveolens (Blume) Blume;Artabotrys;PH;Philippines, Mindanao, Davao Province, Tibanban.;6.631533;126.105482;Edaño, GE;Edaño, GE PNH 11023 ;1;8;1949;;<NA>;<NA>;Botany;L.1749632;0;0;0;Eda;;0;;;;0;0;0;L1749632;11023;suaveolens;Edaño, GE;Merrill ED;Edaño, GE;recby_problem
Anaxagorea radiata C.B.Rob.;Anaxagorea;PH;Philippines, Mindanao, Cotabato, Bugasan, Parang.;7.44083;124.25917;Edaño, GE;Edaño, GE PNH 1508 ;10;12;1946;;<NA>;<NA>;Botany;L.1744474;0;0;0;Eda;;0;;;;0;0;0;L1744474;1508;javanica;Edaño, GE;<NA>;Edaño, GE;recby_problem
Anaxagorea radiata C.B.Rob.;Anaxagorea;PH;Philippines, Mindanao, Cotabato, Bugasan, Parang.;7.44083;124.25917;Edaño, GE;Edaño, GE PNH 1508 ;10;12;1946;;<NA>;<NA>;Botany;L.1092829;0;0;0;Eda;;0;;;;0;0;0;L1092829;1508;javanica;Edaño, GE;<NA>;Edaño, GE;recby_problem
Anaxagorea radiata C.B.Rob.;Anaxagorea;PH;Philippines, Mindanao, Cotabato, Bugasan, Parang.;7.44083;124.25917;Edaño, GE;Edaño, GE PNH 1508 ;10;12;1946;;<NA>;<NA>;Botany;L.1092831;0;0;0;Eda;;0;;;;0;0;0;L1092831;1508;javanica;Edaño, GE;<NA>;Edaño, GE;recby_problem
Anaxagorea radiata C.B.Rob.;Anaxagorea;PH;Philippines, Mindanao, Cotabato, Bugasan, Parang.;7.44083;124.25917;Edaño, GE;Edaño, GE PNH 1508 ;10;12;1946;;<NA>;<NA>;Botany;L.1092832;0;0;0;Eda;;0;;;;0;0;0;L1092832;1508;javanica;Edaño, GE;<NA>;Edaño, GE;recby_problem
Anaxagorea radiata C.B.Rob.;Anaxagorea;PH;Philippines, Mindanao, Cotabato, Bugasan, Parang.;7.44083;124.25917;Edaño, GE;Edaño, GE PNH 1508 ;10;12;1946;;<NA>;<NA>;Botany;L.1092828;0;0;0;Eda;;0;;;;0;0;0;L1092828;1508;javanica;Edaño, GE;<NA>;Edaño, GE;recby_problem
Anaxagorea radiata C.B.Rob.;Anaxagorea;PH;Philippines, Mindanao, Cotabato, Bugasan, Parang.;7.44083;124.25917;Edaño, GE;Edaño, GE PNH 1508 ;10;12;1946;;<NA>;<NA>;Botany;L.1092830;0;0;0;Eda;;0;;;;0;0;0;L1092830;1508;javanica;Edaño, GE;<NA>;Edaño, GE;recby_problem
Anaxagorea radiata C.B.Rob.;Anaxagorea;PH;Philippines, Mindanao, Cotabato, Bugasan, Parang.;7.44083;124.25917;Edaño, GE;Edaño, GE PNH 1508 ;10;12;1946;;<NA>;<NA>;Botany;L.1051975;0;0;0;Eda;;0;;;;0;0;0;L1051975;1508;javanica;Edaño, GE;<NA>;Edaño, GE;recby_problem
Anaxagorea radiata C.B.Rob.;Anaxagorea;PH;Philippines, Mindanao, Cotabato, Bugasan, Parang.;7.44083;124.25917;Edaño, GE;Edaño, GE PNH 1508 ;10;12;1946;;<NA>;<NA>;Botany;L.1051976;0;0;0;Eda;;0;;;;0;0;0;L1051976;1508;javanica;Edaño, GE;<NA>;Edaño, GE;recby_problem
Orophea merrillii Kessler;Orophea;PH;Philippines, Mindoro, Mt. Halcon.;13.266111;121.004722;Edaño, GE;Edaño, GE PNH 3399 ;27;1;1948;;1985-11-01T00:00:00;<NA>;Botany;L  0038093;0;0;0;Eda;;0;1;11;1985;0;0;0;L0038093;3399;merrillii;Edaño, GE;Kessler PJA;Edaño, GE;recby_problem
Orophea cumingiana S.Vidal;Orophea;PH;Palawan - Puerto Princesa (Mt. Pulgar)/Province of Palawan;9.51778;118.3975;Elmer, ADE;;;;;;<NA>;G;Geneva Herbarium – General Collection (G);G-G-196362/1;0;0;0;;;0;;;;0;0;0;G-G-196362/1;nan;cumingiana;Elmer, A. D. E. (Coll. De Candolle);Kessler, P. J. A. (1984);Coll. De Candolle);recby_problem
Orophea unguiculata Elmer;Pseuduvaria;PH;Mindanao - Cabadbaran (Mt. Urdaneta) Province of Agusan;8.0;125.0;Elmer, ADE;;;;;;<NA>;G;Geneva Herbarium – General Collection (G);G-G-196131/2;0;0;0;;;0;;;;0;0;0;G-G-196131/2;nan;unguiculata;Elmer, A. D. E. (Coll. De Candolle);Kessler, P. J. A. (1984);Coll. De Candolle);recby_problem
Orophea cumingiana S.Vidal;Orophea;PH;Mindanao - Cabadbaran (Mt. Urdaneta), Prov. of Agusan;8.0;125.0;Elmer, ADE;;;;;;<NA>;G;Geneva Herbarium – General Collection (G);G-G-195630/1;0;0;0;;;0;;;;0;0;0;G-G-195630/1;nan;cumingiana;Elmer, A. D. E. (Coll. De Candolle);Kessler, P. J. A. (1984);Coll. De Candolle);recby_problem
Orophea cumingiana S.Vidal;Orophea;PH;Palawan - Puerto Princesa (Mt. Pulgar)/Province of Palawan;9.51778;118.3975;Elmer, ADE;;;;;;<NA>;G;Geneva Herbarium – General Collection (G);G-G-196361/1;0;0;0;;;0;;;;0;0;0;G-G-196361/1;nan;cumingiana;Elmer, A. D. E. (Coll. De Candolle);Kessler, P. J. A. (1984);Coll. De Candolle);recby_problem
Orophea creaghii (Ridl.) Leonardía & Kessler;Orophea;PH;Palawan - Puerto Princesa (Mt. Pulgar), Province of Palawan;9.51778;118.3975;Elmer, ADE;;;;;;<NA>;G;Geneva Herbarium – General Collection (G);G-G-196695/1;0;0;0;;;0;;;;0;0;0;G-G-196695/1;nan;creaghii;Elmer, A. D. E. (Coll. De Candolle);Leonardia, A. (1999);Coll. De Candolle);recby_problem
Neo-uvaria viridifolia (Elmer) Chaowasku;Neo-Uvaria;PH;Cabadbaran - Cabadbaran (Mt. Urdaneta), Province of Agusan, Island of Mindanao;9.12361;125.53444;Elmer, ADE;;;;;;<NA>;G;Geneva Herbarium – General Collection (G);G-G-360149/1;0;0;0;;;0;;;;0;0;0;G-G-360149/1;nan;acuminatissima;Elmer, A. D. E. (Coll. De Candolle);<NA>;Coll. De Candolle);recby_problem
Mitrephora ellipanthoides Elmer;Pseuduvaria;PH;Mindanao - Cabadbaran (Mt. Urdaneta), Province of Agusan;8.0;125.0;Elmer, ADE;;;;;;<NA>;G;Geneva Herbarium – General Collection (G);G-G-195621/1;0;0;0;;;0;;;;0;0;0;G-G-195621/1;nan;unguiculata;Elmer, A. D. E. (Coll. De Candolle);Kessler, P. J. A. (1984);Coll. De Candolle);recby_problem
Miliusa horsfieldii (Benn.) Pierre;Miliusa;PH;Addison Peak - Brooks Point (Addison Peak), Province of Palawan;8.80222;117.75306;Elmer, ADE;;;;;;<NA>;G;Geneva Herbarium – General Collection (G);G-G-360003/2;0;0;0;;;0;;;;0;0;0;G-G-360003/2;nan;horsfieldii;Elmer, A. D. E. (Coll. De Candolle);Mols, Johan B. (2004);Coll. De Candolle);recby_problem
Haplostichanthus lanceolata (S.Vidal) Heusden;Haplostichanthus;PH;Mindanao - Cabadbaran (Mt. Urdaneta), Province of Agusan;8.0;125.0;Elmer, ADE;;;;;;<NA>;G;Geneva Herbarium – General Collection (G);G-G-195974/1;0;0;0;;;0;;;;0;0;0;G-G-195974/1;nan;lanceolata;Elmer, A. D. E. (Coll. De Candolle);Heusden, E. C. H. (1993);Coll. De Candolle);recby_problem
Goniothalamus gitingensis Elmer;Goniothalamus;PH;Sibuyan Island - Magallanes (Mt. Giting-Giting), Province of Capiz, Island of Sibuyan;12.43333;122.55;Elmer, ADE;;;;;;<NA>;G;Geneva Herbarium – General Collection (G);G-G-191432/1;0;0;0;;;0;;;;0;0;0;G-G-191432/1;nan;amuyon;Elmer, A. D. E. (Coll. De Candolle);<NA>;Coll. De Candolle);recby_problem
Goniothalamus philippinensis Merr.;Goniothalamus;PH;Lucban - Lucban, Tayabas, Island Luzon;14.07;121.33;Elmer, ADE;;;;;;<NA>;G;Geneva Herbarium – General Collection (G);G-G-191214/1;0;0;0;;;0;;;;0;0;0;G-G-191214/1;nan;philippinensis;Elmer, A. D. E. (Coll. De Candolle);<NA>;Coll. De Candolle);recby_problem
Goniothalamus epiphyticus Elmer;Goniothalamus;PH;Cabadbaran - Cabadbaran (Mt. Urdaneta), Province of Agusan, Island of Mindanao;9.12361;125.53444;Elmer, ADE;;;;;;<NA>;G;Geneva Herbarium – General Collection (G);G-G-191436/2;0;0;0;;;0;;;;0;0;0;G-G-191436/2;nan;epiphyticus;Elmer, A. D. E. (Coll. De Candolle);<NA>;Coll. De Candolle);recby_problem
Goniothalamus philippinensis Merr.;Goniothalamus;PH;Cabadbaran - Cabadbaran (Mt. Urdaneta), Province of Agusan, Island of Mindanao;9.12361;125.53444;Elmer, ADE;;;;;;<NA>;G;Geneva Herbarium – General Collection (G);G-G-191221/2;0;0;0;;;0;;;;0;0;0;G-G-191221/2;nan;philippinensis;Elmer, A. D. E. (Coll. De Candolle);<NA>;Coll. De Candolle);recby_problem
Goniothalamus gitingensis Elmer;Goniothalamus;PH;Sibuyan Island - Magallanes (Mt. Giting-Giting), Province of Capiz, Island of Sibuyan;12.43333;122.55;Elmer, ADE;;;;;;<NA>;G;Geneva Herbarium – General Collection (G);G-G-191432/2;0;0;0;;;0;;;;0;0;0;G-G-191432/2;nan;amuyon;Elmer, A. D. E. (Coll. Delessert 1911);<NA>;Coll. Delessert 1911);recby_problem
Goniothalamus epiphyticus Elmer;Goniothalamus;PH;Cabadbaran - Cabadbaran (Mt. Urdaneta), Province of Agusan, Island of Mindanao;9.12361;125.53444;Elmer, ADE;;;;;;<NA>;G;Geneva Herbarium – General Collection (G);G-G-191436/1;0;0;0;;;0;;;;0;0;0;G-G-191436/1;nan;epiphyticus;Elmer, A. D. E. (Coll. Delessert 1914);<NA>;Coll. Delessert 1914);recby_problem
Goniothalamus philippinensis Merr.;Goniothalamus;PH;Cabadbaran - Cabadbaran (Mt. Urdaneta), Province of Agusan, Island of Mindanao;9.12361;125.53444;Elmer, ADE;;;;;;<NA>;G;Geneva Herbarium – General Collection (G);G-G-191221/1;0;0;0;;;0;;;;0;0;0;G-G-191221/1;nan;philippinensis;Elmer, A. D. E. (Coll. Delessert 1914);<NA>;Coll. Delessert 1914);recby_problem
Orophea creaghii (Ridl.) Leonardía & Kessler;Orophea;PH;Palawan - Puerto Princesa (Mt. Pulgar), Province of Palawan;9.51778;118.3975;Elmer, ADE;;;;;;<NA>;G;Geneva Herbarium – General Collection (G);G-G-196695/2;0;0;0;;;0;;;;0;0;0;G-G-196695/2;nan;creaghii;Elmer, A. D. E. (Coll. Delessert);Leonardia, A. (1999);Coll. Delessert);recby_problem
Orophea cumingiana S.Vidal;Orophea;PH;Palawan - Puerto Princesa (Mt. Pulgar)/Province of Palawan;9.51778;118.3975;Elmer, ADE;;;;;;<NA>;G;Geneva Herbarium – General Collection (G);G-G-196361/2;0;0;0;;;0;;;;0;0;0;G-G-196361/2;nan;cumingiana;Elmer, A. D. E. (Coll. Delessert);Kessler, P. J. A. (1984);Coll. Delessert);recby_problem
Orophea cumingiana S.Vidal;Orophea;PH;Luzon - Irosin (Mt. Bulusan) Province of Sorsogon;16.0;121.0;Elmer, ADE;;;;;;<NA>;G;Geneva Herbarium – General Collection (G);G-G-196354/1;0;0;0;;;0;;;;0;0;0;G-G-196354/1;nan;cumingiana;Elmer, A. D. E. (Coll. Delessert);Kessler, P. J. A. (1984);Coll. Delessert);recby_problem
Orophea unguiculata Elmer;Pseuduvaria;PH;Mindanao - Cabadbaran (Mt. Urdaneta) Province of Agusan;8.0;125.0;Elmer, ADE;;;;;;<NA>;G;Geneva Herbarium – General Collection (G);G-G-196131/1;0;0;0;;;0;;;;0;0;0;G-G-196131/1;nan;unguiculata;Elmer, A. D. E. (Coll. Delessert);Kessler, P. J. A. (1984);Coll. Delessert);recby_problem
Orophea cumingiana S.Vidal;Orophea;PH;Luzon - Irosin (Mt. Bulusan), Province of Sorsogon;16.0;121.0;Elmer, ADE;;;;;;<NA>;G;Geneva Herbarium – General Collection (G);G-G-196353/1;0;0;0;;;0;;;;0;0;0;G-G-196353/1;nan;cumingiana;Elmer, A. D. E. (Coll. Delessert);Kessler, P. J. A. (1984);Coll. Delessert);recby_problem
Orophea cumingiana S.Vidal;Orophea;PH;Palawan - Puerto Princesa (Mt. Pulgar)/Province of Palawan;9.51778;118.3975;Elmer, ADE;;;;;;<NA>;G;Geneva Herbarium – General Collection (G);G-G-196362/2;0;0;0;;;0;;;;0;0;0;G-G-196362/2;nan;cumingiana;Elmer, A. D. E. (Coll. Delessert);Kessler, P. J. A. (1984);Coll. Delessert);recby_problem
Orophea cumingiana S.Vidal;Orophea;PH;Mindanao - Cabadbaran (Mt. Urdaneta), Prov. of Agusan;8.0;125.0;Elmer, ADE;;;;;;<NA>;G;Geneva Herbarium – General Collection (G);G-G-195630/2;0;0;0;;;0;;;;0;0;0;G-G-195630/2;nan;cumingiana;Elmer, A. D. E. (Coll. Delessert);Kessler, P. J. A. (1984);Coll. Delessert);recby_problem
Mitrephora ellipanthoides Elmer;Pseuduvaria;PH;Mindanao - Cabadbaran (Mt. Urdaneta), Province of Agusan;8.0;125.0;Elmer, ADE;;;;;;<NA>;G;Geneva Herbarium – General Collection (G);G-G-195621/2;0;0;0;;;0;;;;0;0;0;G-G-195621/2;nan;unguiculata;Elmer, A. D. E. (Coll. Delessert);Kessler, P. J. A. (1984);Coll. Delessert);recby_problem
Meiogyne virgata (Blume) Miq.;Meiogyne;PH;Mindanao - Cabadbaran (Mt. Urdaneta), Province of Agusan;8.0;125.0;Elmer, ADE;;;;;;<NA>;G;Geneva Herbarium – General Collection (G);G-G-195970/1;0;0;0;;;0;;;;0;0;0;G-G-195970/1;nan;virgata;Elmer, A. D. E. (Coll. Delessert);Heusden, E. C. H. (1992);Coll. Delessert);recby_problem
Miliusa horsfieldii (Benn.) Pierre;Miliusa;PH;Addison Peak - Brooks Point (Addison Peak), Province of Palawan;8.80222;117.75306;Elmer, ADE;;;;;;<NA>;G;Geneva Herbarium – General Collection (G);G-G-360003/1;0;0;0;;;0;;;;0;0;0;G-G-360003/1;nan;horsfieldii;Elmer, A. D. E. (Coll. Delessert);Mols, Johan B. (2004);Coll. Delessert);recby_problem
Haplostichanthus lanceolata (S.Vidal) Heusden;Haplostichanthus;PH;Luzon - Los Banos (Mt. Maguiling) Province of Laguna;16.0;121.0;Elmer, ADE;;;;;;<NA>;G;Geneva Herbarium – General Collection (G);G-G-195980/1;0;0;0;;;0;;;;0;0;0;G-G-195980/1;nan;lanceolata;Elmer, A. D. E. (Coll. Delessert);Heusden, E. C. H. (1993);Coll. Delessert);recby_problem
Haplostichanthus lanceolata (S.Vidal) Heusden;Haplostichanthus;PH;Mindanao - Cabadbaran (Mt. Urdaneta), Province of Agusan;8.0;125.0;Elmer, ADE;;;;;;<NA>;G;Geneva Herbarium – General Collection (G);G-G-195974/2;0;0;0;;;0;;;;0;0;0;G-G-195974/2;nan;lanceolata;Elmer, A. D. E. (Coll. Delessert);Heusden, E. C. H. (1993);Coll. Delessert);recby_problem
Orophea creaghii (Ridl.) Leonardía & Kessler;Orophea;PH;Philippines, Puerto Princesa (Mt. Pulgar), Province of Palawan, Island of Palawan.;9.798722;118.605667;Elmer, ADE;Elmer, ADE  12858 ;1;3;1911;Leonardía, AAP;1999-07-01T00:00:00;<NA>;Botany;U  0008308;0;0;0;Elmer;;0;1;7;1999;0;0;0;U0008308;12858;creaghii;Elmer ADE;Leonardía, AAP;detby_problem;Leonardía, AAP
Orophea creaghii (Ridl.) Leonardía & Kessler;Orophea;PH;Philippines, Brooks Point (Addison Peak), Province of palawan, Island of Palawan.;08.08;117.833333;Elmer, ADE;Elmer, ADE  12645 ;1;2;1911;Leonardía, AAP;1999-07-01T00:00:00;<NA>;Botany;U  0008309;0;0;0;Elmer;;0;1;7;1999;0;0;0;U0008309;12645;creaghii;Elmer ADE;Leonardía, AAP;detby_problem;Leonardía, AAP
Polyalthia igniflora D.M.Johnson;Polyalthia;PH;Philippines, Brooks Point (Addison Peak), Province of Palawan, Island of Palawan.;08.08;117.833333;Elmer, ADE;Elmer, ADE  12718 ;1;3;1911;Johnson, DM, Murray, NA;<NA>;<NA>;Botany;L  0183919;0;0;0;Elmer;;0;;;;0;0;0;L0183919;12718;igniflora;Elmer ADE;"Johnson DM; Murray NA";detby_problem;"Johnson DM; Murray NA"
Orophea creaghii (Ridl.) Leonardía & Kessler;Orophea;PH;Philippines, Puerto Princesa (Mt. Pulgar), Province of Palawan, Island of Palawan.;9.798722;118.605667;Elmer, ADE;Elmer, ADE  12858 ;1;3;1911;Leonardía, AAP;1999-07-01T00:00:00;<NA>;Botany;L  0047773;0;0;0;Elmer;;0;1;7;1999;0;0;0;L0047773;12858;creaghii;Elmer ADE;Leonardía, AAP;detby_problem;Leonardía, AAP
Orophea creaghii (Ridl.) Leonardía & Kessler;Orophea;PH;Philippines, Brooks Point (Addison Peak), Province of palawan, Island of Palawan.;08.08;117.833333;Elmer, ADE;Elmer, ADE  12645 ;1;2;1911;Leonardía, AAP;1999-07-01T00:00:00;<NA>;Botany;L  0047767;0;0;0;Elmer;;0;1;7;1999;0;0;0;L0047767;12645;creaghii;Elmer ADE;Leonardía, AAP;detby_problem;Leonardía, AAP
Griffithianthus merrillii (C.B.Rob.) W.H.Brown ex Merr.;Neo-Uvaria;PH;<NA>;15.2628;120.8786;Fénix, E;28241;;5;1917;;<NA>;NHMUK;BOT;BM000759454;0;0;0;;;0;;;;0;0;0;BM000759454;28241;acuminatissima;Eugenio Fénix;Tanawat Chaowasku;Eugenio Fénix;recby_problem
Uvaria purpurea Blume;Uvaria;PH;Palawan: Brooke's Point Municip., Bgy Malis, Magagong settlement at the southern reaches of Mantalingajan Range.;08.08;117.75;Gaerlan, F;8367;16;6;1994;;<NA>;US;US;US 3376808;0;0;0;;;0;;;;0;0;0;US3376808;8367;grandiflora;F. Gaerlan, E. Sagcal & O. Fernando;<NA>;, E. Sagcal;recby_problem
Goniothalamus lancifolius Merr.;Goniothalamus;PH;Mt. San Isidro, Labrador, Prov. of Pangasinan, Luzon.;15.9907;120.1168;Fénix, E;Fénix, E BS 29992 ;1;11;1917;;<NA>;<NA>;Botany;L.2067139;0;0;0;F;;0;;;;0;0;0;L2067139;29992;lancifolius;Fénix E;<NA>;Fénix E;recby_problem
Mitrephora lanotan (Blanco) Merr.;Mitrephora;PH;Philippines. Luzon, Province of Pangasinan, Mt. San Isidro.;15.9907;120.1168;Fénix, E;Fénix, E BS 30030 ;1;11;1917;;2001-03-01T00:00:00;<NA>;Botany;L.1757255;0;0;0;F;;0;1;3;2001;0;0;0;L1757255;30030;lanotan;Fénix E;Weerasooriya AD;Fénix E;recby_problem
Phaeanthus ebracteolatus (C.Presl) Merr.;Phaeanthus;PH;Luzon, Bataan, Mt. Natib, So. Ulingan, Barangay Banawang, Mun. of Bagac.;14.07;120.4;Fuentes, RE;"Fuentes, RE; Rosa de la PPI 38714 ";15;12;1996;Kessler, PJA, Mols, JB;2000-08-01T00:00:00;<NA>;Botany;L.1758790;0;0;0;Fuentes;;0;1;8;2000;0;0;0;L1758790;38714;ophthalmicus;"Fuentes RE; Rosa de la";"Kessler PJA; Mols JB";detby_problem;"; Mols JB"
Goniothalamus (Blume) Hook.f. & Thomson;Goniothalamus;PH;Sammar, Mt. Sohoton.;11.616667;125.416667;Gutiérrez, HG;"Gutiérrez, HG; et al. PNH 117528 ";1;4;1970;;<NA>;<NA>;Botany;L.2067207;0;0;0;Guti;;0;;;;0;0;0;L2067207;117528;;"Gutiérrez, HG; et al.";<NA>;Gutiérrez, HG;recby_problem
Goniothalamus (Blume) Hook.f. & Thomson;Goniothalamus;PH;Sammar, Mt. Sohoton.;11.616667;125.416667;Gutiérrez, HG;"Gutiérrez, HG; et al. PNH 117528 ";1;4;1970;;<NA>;<NA>;Botany;L.2067208;0;0;0;Guti;;0;;;;0;0;0;L2067208;117528;;"Gutiérrez, HG; et al.";<NA>;Gutiérrez, HG;recby_problem
Goniothalamus elmeri Merr.;Goniothalamus;PH;Mt. Concord.;11.695278;125.241389;Gutiérrez, HG;"Gutiérrez, HG; et al. PNH 117054 ";1;5;1969;;2014-10-01T00:00:00;<NA>;Botany;L.2067130;0;0;0;Guti;;0;1;10;2014;0;0;0;L2067130;117054;elmeri;"Gutiérrez, HG; et al.";Tang CC;Gutiérrez, HG;recby_problem
Goniothalamus amuyon (Blanco) Merr.;Goniothalamus;PH;Mt. Concord.;11.695278;125.241389;Gutiérrez, HG;"Gutiérrez, HG; et al. PNH 117162 ";1;5;1969;;2014-10-01T00:00:00;<NA>;Botany;L.2067222;0;0;0;Guti;;0;1;10;2014;0;0;0;L2067222;117162;amuyon;"Gutiérrez, HG; et al.";Tang CC;Gutiérrez, HG;recby_problem
Goniothalamus amuyon (Blanco) Merr.;Goniothalamus;PH;Mt. Concord.;11.695278;125.241389;Gutiérrez, HG;"Gutiérrez, HG; et al. PNH 117162 ";1;5;1969;;2014-10-01T00:00:00;<NA>;Botany;L.2067221;0;0;0;Guti;;0;1;10;2014;0;0;0;L2067221;117162;amuyon;"Gutiérrez, HG; et al.";Tang CC;Gutiérrez, HG;recby_problem
Goniothalamus elmeri Merr.;Goniothalamus;PH;Mt. Concord.;11.695278;125.241389;Gutiérrez, HG;"Gutiérrez, HG; et al. PNH 117054 ";1;5;1969;;2014-10-01T00:00:00;<NA>;Botany;L.2067131;0;0;0;Guti;;0;1;10;2014;0;0;0;L2067131;117054;elmeri;"Gutiérrez, HG; et al.";Tang CC;Gutiérrez, HG;recby_problem
Uvaria rufa (Dunal) Blume;Uvaria;PH;Isabela (S. Madre), Bo. Cataguing, Sn. Mariano.;16.85;122.166667;Gutiérrez, HG;Gutiérrez, HG PNH 78025 ;22;4;1961;;2002-05-22T00:00:00;<NA>;Botany;L.1768743;0;0;0;Guti;;0;22;5;2002;0;0;0;L1768743;78025;rufa;Gutiérrez, HG;<NA>;Gutiérrez, HG;recby_problem
Annonaceae;<NA>;PH;Sankar, Mt. Sohoton;11.616667;125.416667;Gutiérrez, HG;"Gutiérrez, HG; et al. PNH 118077 ";1;4;1970;;<NA>;<NA>;Botany;L.1768881;0;0;0;Guti;;0;;;;0;0;0;L1768881;118077;;"Gutiérrez, HG; et al.";<NA>;Gutiérrez, HG;recby_problem
Meiogyne virgata (Blume) Miq.;Meiogyne;PH;Mt. Concord.;11.695278;125.241389;Gutiérrez, HG;"Gutiérrez, HG; et al. PNH 117074 ";1;5;1969;;<NA>;<NA>;Botany;L.1765895;0;0;0;Guti;;0;;;;0;0;0;L1765895;117074;virgata;"Gutiérrez, HG; et al.";Heusden ECH van;Gutiérrez, HG;recby_problem
Meiogyne virgata (Blume) Miq.;Meiogyne;PH;Mt. Concord.;11.695278;125.241389;Gutiérrez, HG;"Gutiérrez, HG; et al. PNH 117074 ";1;5;1969;;<NA>;<NA>;Botany;L.1765894;0;0;0;Guti;;0;;;;0;0;0;L1765894;117074;virgata;"Gutiérrez, HG; et al.";Heusden ECH van;Gutiérrez, HG;recby_problem
Phaeanthus ebracteolatus (C.Presl) Merr.;Phaeanthus;PH;Mt. Concord.;11.316667;125.05;Gutiérrez, HG;"Gutiérrez, HG; et al. PNH 116985 ";10;5;1969;;<NA>;<NA>;Botany;L.1758744;0;0;0;Guti;;0;;;;0;0;0;L1758744;116985;ophthalmicus;"Gutiérrez, HG; et al.";Mols JB;Gutiérrez, HG;recby_problem
Orophea Blume;Orophea;PH;Mt. Concord.;11.695278;125.241389;Gutiérrez, HG;"Gutiérrez, HG; et al. PNH 117140 ";1;5;1969;;1985-07-01T00:00:00;<NA>;Botany;L.1758906;0;0;0;Guti;;0;1;7;1985;0;0;0;L1758906;117140;;"Gutiérrez, HG; et al.";Kessler PJA;Gutiérrez, HG;recby_problem
Neo-Uvaria acuminatissima (Miq.) Airy Shaw;Neo-Uvaria;PH;Sierra Madre Mountains, San Mariano. Isabela, Luzon;16.85;122.166667;Gutiérrez, HG;Gutiérrez, HG PNH 78103 ;27;4;1961;;<NA>;<NA>;Botany;L.1757919;0;0;0;Guti;;0;;;;0;0;0;L1757919;78103;acuminatissima;Gutiérrez, HG;<NA>;Gutiérrez, HG;recby_problem
Phaeanthus ebracteolatus (C.Presl) Merr.;Phaeanthus;PH;"Philippines, Luzon, Province Isabela, San Mariano, Sierra Madre Mountains, c. 17.00 N; 122.00 E.";17.0;122.0;Gutiérrez, HG;Gutiérrez, HG PNH 78169 a;18;5;1961;;<NA>;<NA>;Botany;L.1758757;0;0;0;Guti;a;0;;;;0;0;0;L1758757;78169;ophthalmicus;Gutiérrez, HG;Mols JB;Gutiérrez, HG;recby_problem
Cananga odorata (Lam.) Hook.f. & Thomson;Cananga;PH;Mt. Concord.;11.695278;125.241389;Gutiérrez, HG;"Gutiérrez, HG; et al. PNH 117296 ";1;5;1969;;1994-05-01T00:00:00;<NA>;Botany;L.1753684;0;0;0;Guti;;0;1;5;1994;0;0;0;L1753684;117296;odorata;"Gutiérrez, HG; et al.";Kessler PJA;Gutiérrez, HG;recby_problem
Anaxagorea radiata C.B.Rob.;Anaxagorea;PH;Philippines, Lipuun Point, Quezon, Palawan;9.279882;117.9814;Gutiérrez, HG;"Gutiérrez, HG; Espiritu, RA PNH 80811 ";28;5;1963;;<NA>;<NA>;Botany;L.1744473;0;0;0;Guti;;0;;;;0;0;0;L1744473;80811;javanica;"Gutiérrez, HG; Espiritu RA";Benthem FDJ van;Gutiérrez, HG;recby_problem
Meiogyne cylindrocarpa (Burck) Heusden;Meiogyne;PH;Philippines, Palawan, Lipuun, Quezon;9.0;118.0;Gutiérrez, HG;"Gutiérrez, HG; Espiritu, RA PNH 80816 ";28;5;1963;;<NA>;<NA>;Botany;L  0187655;0;0;0;Guti;;0;;;;0;0;0;L0187655;80816;cylindrocarpa;"Gutiérrez, HG; Espiritu RA";Heusden ECH van;Gutiérrez, HG;recby_problem
Cyathocalyx crassipetalus R.J.Wang & R.M.K.Saunders;Drepananthus;PH;Mt. Concord.;11.695278;125.241389;Gutiérrez, HG;"Gutiérrez, HG; et al. PNH 117083 ";1;5;1969;;2004-03-01T00:00:00;<NA>;Botany;L  0181755;0;0;0;Guti;;0;1;3;2004;0;0;0;L0181755;117083;crassipetalus;"Gutiérrez, HG; et al.";Wang RJ;Gutiérrez, HG;recby_problem
Cyathocalyx crassipetalus R.J.Wang & R.M.K.Saunders;Drepananthus;PH;Mt. Concord.;11.695278;125.241389;Gutiérrez, HG;"Gutiérrez, HG; et al. PNH 117083 ";1;5;1969;;2004-03-01T00:00:00;<NA>;Botany;L  0181756;0;0;0;Guti;;0;1;3;2004;0;0;0;L0181756;117083;crassipetalus;"Gutiérrez, HG; et al.";Wang RJ;Gutiérrez, HG;recby_problem
Cyathocalyx crassipetalus R.J.Wang & R.M.K.Saunders;Drepananthus;PH;Mt. Concord.;11.695278;125.241389;Gutiérrez, HG;"Gutiérrez, HG; et al. PNH 117088 ";1;5;1969;;2004-03-01T00:00:00;<NA>;Botany;L  0181763;0;0;0;Guti;;0;1;3;2004;0;0;0;L0181763;117088;crassipetalus;"Gutiérrez, HG; et al.";Wang RJ;Gutiérrez, HG;recby_problem
Cyathocalyx crassipetalus R.J.Wang & R.M.K.Saunders;Drepananthus;PH;Mt. Concord.;11.695278;125.241389;Gutiérrez, HG;"Gutiérrez, HG; et al. PNH 117088 ";1;5;1969;;2004-03-01T00:00:00;<NA>;Botany;L  0181762;0;0;0;Guti;;0;1;3;2004;0;0;0;L0181762;117088;crassipetalus;"Gutiérrez, HG; et al.";Wang RJ;Gutiérrez, HG;recby_problem
Cyathocalyx samarensis R.J.Wang & R.M.K.Saunders;Drepananthus;PH;Mt. Sohoton, Pamamayaon.;11.45;125.2;Gutiérrez, HG;"Gutiérrez, HG; et al. PNH 117562 ";1;4;1970;;2004-03-01T00:00:00;<NA>;Botany;L  0181758;0;0;0;Guti;;0;1;3;2004;0;0;0;L0181758;117562;samarensis;"Gutiérrez, HG; et al.";Wang R;Gutiérrez, HG;recby_problem
Cyathocalyx samarensis R.J.Wang & R.M.K.Saunders;Drepananthus;PH;Mt. Sohoton, Pamamayaon.;11.45;125.2;Gutiérrez, HG;"Gutiérrez, HG; et al. PNH 117562 ";1;4;1970;;2004-03-01T00:00:00;<NA>;Botany;L  0181757;0;0;0;Guti;;0;1;3;2004;0;0;0;L0181757;117562;samarensis;"Gutiérrez, HG; et al.";Wang R;Gutiérrez, HG;recby_problem
Cyathocalyx samarensis R.J.Wang & R.M.K.Saunders;Drepananthus;PH;Mt. Concord.;11.695278;125.241389;Gutiérrez, HG;"Gutiérrez, HG; et al. PNH 117059 ";1;5;1969;;2004-03-01T00:00:00;<NA>;Botany;L  0181761;0;0;0;Guti;;0;1;3;2004;0;0;0;L0181761;117059;samarensis;"Gutiérrez, HG; et al.";Wang R;Gutiérrez, HG;recby_problem
Mitrephora merrillii C.B.Rob.;Neo-Uvaria;PH;<NA>;07.8181;125.1544;Agama, J;23163;;;1914;;<NA>;NHMUK;BOT;BM000560223;0;0;0;;;0;;;;0;0;0;BM000560223;23163;acuminatissima;José Agama;<NA>;José Agama;recby_problem
Xylopia L.;Xylopia;PH;E. Samar, Balangiga.;11.109722;125.3875;Madulid, DA;"Madulid, DA; et al. PNH 118325 ";1;5;1971;Setten, AK van, Heusden, ECH van;<NA>;<NA>;Botany;L  0191432;0;0;0;Madulid;;0;;;;0;0;0;L0191432;118325;;"Madulid DA; et al.";"Setten AK van; Heusden ECH van";detby_problem;"Setten AK van; Heusden ECH van"
Uvaria grandiflora Roxb. ex Hornem.;Uvaria;PH;Vicinity of Dupax, Province of Nueva Vizcaya, Luzon.;16.2838;121.0896;McGregor, RC;McGregor, RC BS 11475 ;1;3;1912;;<NA>;<NA>;Botany;L.1770660;0;0;0;McGregor;;0;;;;0;0;0;L1770660;11475;grandiflora;McGregor RC;<NA>;McGregor RC;recby_problem
Anaxagorea luzonensis A.Gray;Anaxagorea;PH;Philippines, Calauan, Prov. of Laguna, Luzon;14.1447;121.3152;McGregor, RC;McGregor, RC BS 12375 ;1;11;1910;;<NA>;<NA>;Botany;L.1744524;0;0;0;McGregor;;0;;;;0;0;0;L1744524;12375;luzonensis;McGregor RC;Benthem FDJ van;McGregor RC;recby_problem
Orophea creaghii (Ridl.) Leonardía & Kessler;Orophea;PH;Philippines, Palawan, Taytay.;10.825;119.517778;Merrill, ED;Merrill, ED  9227 ;1;4;1913;Leonardía, AAP;1999-07-01T00:00:00;<NA>;Botany;L.1766272;0;0;0;Merrill;;0;1;7;1999;0;0;0;L1766272;9227;creaghii;Merrill ED;Leonardía, AAP;detby_problem;Leonardía, AAP
Polyalthia rumphii (Blume ex Hensch.) Merr.;Hubera;PH;Mt. Makiling, Laguna Province, Luzon.;14.135833;121.19;Ordon Jr;Ordon Jr. PNH 33510 ;23;1;1955;;<NA>;<NA>;Botany;L.1767407;0;0;0;Ordon;;0;;;;0;0;0;L1767407;33510;rumphii;Ordon Jr.;<NA>;OR;recby_problem
Enicosanthum grandifolium (Elmer) Airy Shaw;Enicosanthum;PH;Puerto Princesa, Irawan, Tatanarum.;9.739167;118.735278;Philippine Plant Inventory (PPI);Philippine Plant Inventory (PPI)  35 ;20;1;1991;;<NA>;<NA>;Botany;U.1072774;0;0;0;Philippine;;0;;;;0;0;0;U1072774;35;grandifolium;Philippine Plant Inventory (PPI);Pipoly JJ; (PPI);recby_problem
Mitrephora (Blume) Hook.f. & Thomson;Mitrephora;PH;Pagudpud.;18.580564;120.85248;Philippine Plant Inventory (PPI);Philippine Plant Inventory (PPI)  9982 ;27;8;1992;;2003-01-01T00:00:00;<NA>;Botany;U.1073743;0;0;0;Philippine;;0;1;1;2003;0;0;0;U1073743;9982;;Philippine Plant Inventory (PPI);Kessler PJA; (PPI);recby_problem
Annonaceae;<NA>;PH;VISCA, Baybay.Found along the trail on VISCA forest reserve.;11.4461;124.4095;Philippine Plant Inventory (PPI);Philippine Plant Inventory (PPI)  10512 ;23;3;1993;;<NA>;<NA>;Botany;U.1101197;0;0;0;Philippine;;0;;;;0;0;0;U1101197;10512;;Philippine Plant Inventory (PPI);<NA>; (PPI);recby_problem
Enicosanthum grandifolium (Elmer) Airy Shaw;Enicosanthum;PH;So. Cotabato. Korodanal. Miasong, Tupi.;6.316666;124.95;Philippine Plant Inventory (PPI);Philippine Plant Inventory (PPI)  5448 ;18;4;1992;;<NA>;<NA>;Botany;U.1072771;0;0;0;Philippine;;0;;;;0;0;0;U1072771;5448;grandifolium;Philippine Plant Inventory (PPI);Pipoly JJ; (PPI);recby_problem
Neo-Uvaria acuminatissima (Miq.) Airy Shaw;Neo-Uvaria;PH;Alasasin.;14.5331;120.4667;Philippine Plant Inventory (PPI);Philippine Plant Inventory (PPI)  3993 ;25;1;1992;;<NA>;<NA>;Botany;U  0133831;0;0;0;Philippine;;0;;;;0;0;0;U0133831;3993;acuminatissima;Philippine Plant Inventory (PPI);Pipoly JJ; (PPI);recby_problem
Annonaceae;<NA>;PH;VISCA, Baybay.Found along the trail on VISCA forest reserve.;11.4461;124.4095;Philippine Plant Inventory (PPI);Philippine Plant Inventory (PPI)  10512 ;23;3;1993;;<NA>;<NA>;Botany;U.1101198;0;0;0;Philippine;;0;;;;0;0;0;U1101198;10512;;Philippine Plant Inventory (PPI);<NA>; (PPI);recby_problem
Enicosanthum grandifolium (Elmer) Airy Shaw;Enicosanthum;PH;Puerto Princesa, Irawan, Tatanarum.;9.739167;118.735278;Philippine Plant Inventory (PPI);Philippine Plant Inventory (PPI)  35 ;20;1;1991;;<NA>;<NA>;Botany;U.1072773;0;0;0;Philippine;;0;;;;0;0;0;U1072773;35;grandifolium;Philippine Plant Inventory (PPI);Pipoly JJ; (PPI);recby_problem
Neo-Uvaria acuminatissima (Miq.) Airy Shaw;Neo-Uvaria;PH;Alasasin.;14.5331;120.4667;Philippine Plant Inventory (PPI);Philippine Plant Inventory (PPI)  3993 ;25;1;1992;;<NA>;<NA>;Botany;U.1101194;0;0;0;Philippine;;0;;;;0;0;0;U1101194;3993;acuminatissima;Philippine Plant Inventory (PPI);Pipoly JJ; (PPI);recby_problem
Enicosanthum grandifolium (Elmer) Airy Shaw;Enicosanthum;PH;So. Cotabato. Korodanal. Miasong, Tupi.;6.316666;124.95;Philippine Plant Inventory (PPI);Philippine Plant Inventory (PPI)  5448 ;18;4;1992;;<NA>;<NA>;Botany;U.1072769;0;0;0;Philippine;;0;;;;0;0;0;U1072769;5448;grandifolium;Philippine Plant Inventory (PPI);Pipoly JJ; (PPI);recby_problem
Enicosanthum grandifolium (Elmer) Airy Shaw;Enicosanthum;PH;Puerto Princesa, Irawan, Tatanarum.;9.739167;118.735278;Philippine Plant Inventory (PPI);Philippine Plant Inventory (PPI)  35 ;20;1;1991;;<NA>;<NA>;Botany;U.1072772;0;0;0;Philippine;;0;;;;0;0;0;U1072772;35;grandifolium;Philippine Plant Inventory (PPI);Pipoly JJ; (PPI);recby_problem
Orophea creaghii (Ridl.) Leonardía & Kessler;Orophea;PH;valley of stream leading into NNW bay of lake.;10.75;119.533333;Podzorski, AC;Podzorski, AC SMHI 709 ;5;4;1984;Leonardía, AAP;1999-07-01T00:00:00;<NA>;Botany;L.1766265;0;0;0;Podzorski;;0;1;7;1999;0;0;0;L1766265;709;creaghii;Podzorski AC;Leonardía, AAP;detby_problem;Leonardía, AAP
Orophea creaghii (Ridl.) Leonardía & Kessler;Orophea;PH;Valley of stream leading into NNW bay of Lake.;10.75;119.533333;Podzorski, AC;Podzorski, AC SMHI 756 ;6;4;1984;Leonardía, AAP;1999-07-01T00:00:00;<NA>;Botany;L.1766267;0;0;0;Podzorski;;0;1;7;1999;0;0;0;L1766267;756;creaghii;Podzorski AC;Leonardía, AAP;detby_problem;Leonardía, AAP
Orophea creaghii (Ridl.) Leonardía & Kessler;Orophea;PH;Valley of stream leading into NNW bay of Lake.;10.75;119.533333;Podzorski, AC;Podzorski, AC SMHI 756 ;6;4;1984;Leonardía, AAP;1999-07-01T00:00:00;<NA>;Botany;L.1766266;0;0;0;Podzorski;;0;1;7;1999;0;0;0;L1766266;756;creaghii;Podzorski AC;Leonardía, AAP;detby_problem;Leonardía, AAP
Orophea creaghii (Ridl.) Leonardía & Kessler;Orophea;PH;Palawan, Lake Manguao;10.765833;119.548055;Podzorski, AC;Podzorski, AC SMHI 756 ;6;4;1984;Leonardía, AAP;1999-07-01T00:00:00;<NA>;Botany;L  0197603;0;0;0;Podzorski;;0;1;7;1999;0;0;0;L0197603;756;creaghii;Podzorski AC;Leonardía, AAP;detby_problem;Leonardía, AAP
Orophea creaghii (Ridl.) Leonardía & Kessler;Orophea;PH;Palawan, Lake Manguao;10.765833;119.548055;Podzorski, AC;Podzorski, AC SMHI 709 ;5;4;1984;Leonardía, AAP;1999-07-01T00:00:00;<NA>;Botany;L  0197602;0;0;0;Podzorski;;0;1;7;1999;0;0;0;L0197602;709;creaghii;Podzorski AC;Leonardía, AAP;detby_problem;Leonardía, AAP
Orophea cumingiana S.Vidal;Orophea;PH;Samar;11.83333;125.0;Ramos, M;;;;;;<NA>;G;Geneva Herbarium – General Collection (G);G-G-196358/1;0;0;0;;;0;;;;0;0;0;G-G-196358/1;nan;cumingiana;Ramos, M. (Coll. Delessert);Kessler, P. J. A. (1984);(Coll. Delessert);recby_problem
Anaxagorea luzonensis A.Gray;Anaxagorea;PH;Philippines, Mt. Makiling, Laguna Province, Luzon;14.136252;121.194423;Rañeses, S;Rañeses, S PNH 33448 ;26;6;1955;;<NA>;<NA>;Botany;L.1744584;0;0;0;Ra;;0;;;;0;0;0;L1744584;33448;luzonensis;Rañeses S;Benthem FDJ van;Rañeses S;recby_problem
Annonaceae;<NA>;PH;Logarita, Bilar, Tangtangon RSNP;9.70833;124.107;Reynoso, EJ;Collector Number: 7857;29;3;1993;;<NA>;BPBM;BISH;663292;0;0;0;Collector;;0;;;;0;0;0;BISH663292;7857;;"Reynoso, E.J. Alvarez; Fuentes";<NA>;lvarez;recby_problem
Annonaceae;<NA>;PH;Logarita, Bilar;9.70833;124.107;Reynoso, EJ;Collector Number: 7832;28;3;1993;;<NA>;BPBM;BISH;690050;0;0;0;Collector;;0;;;;0;0;0;BISH690050;7832;;"Reynoso, E.J. Alvarez; Fuentes";<NA>;lvarez;recby_problem
Artabotrys R.Br.;Artabotrys;PH;"Cebu Isl; Cebu Prov. - Tabunan, Talamban";10.37;123.915;Reynoso, EJ;Collector Number: 7942;4;4;1993;;<NA>;BPBM;BISH;685931;0;0;0;Collector;;0;;;;0;0;0;BISH685931;7942;;"Reynoso, E.J. Alvarez; Fuentes";<NA>;lvarez;recby_problem
Annonaceae;<NA>;PH;Logarita, Bilar, Tangtangon, RSNP;9.70833;124.107;Reynoso, EJ;Collector Number: 7890;29;3;1993;;<NA>;BPBM;BISH;689999;0;0;0;Collector;;0;;;;0;0;0;BISH689999;7890;;"Reynoso, E.J. Alvarez; Fuentes";<NA>;lvarez;recby_problem
Annonaceae;<NA>;PH;"Bohol Isl; Bohol Prov.- Logarita, Bilar";9.70833;124.107;Reynoso, EJ;Collector Number: 7864;29;3;1993;;<NA>;BPBM;BISH;773153;0;0;0;Collector;;0;;;;0;0;0;BISH773153;7864;;"Reynoso, E.J. Alvarez; Fuentes";<NA>;lvarez;recby_problem
Goniothalamus (Blume) Hook.f. & Thomson;Goniothalamus;PH;Puerto Princesa municipality, Mt. Beaufort, north spur, west side, old track.;9.739167;118.735278;Ridsdale, CE;Ridsdale, CE SMHI 1684 ;14;5;1984;Brink Jr, RCB van den;1985-01-01T00:00:00;<NA>;Botany;L.2067192;0;0;0;Ridsdale;;0;1;1;1985;0;0;0;L2067192;1684;;Ridsdale CE;"; Bakhuizen van den Brink Jr RC";detby_problem;"; Bakhuizen van den Brink Jr RC"
Goniothalamus (Blume) Hook.f. & Thomson;Goniothalamus;PH;Puerto Princesa municipality, Mt. Beaufort, north spur, west side, old track.;9.739167;118.735278;Ridsdale, CE;Ridsdale, CE SMHI 1684 ;14;5;1984;Brink Jr, RCB van den;1985-01-01T00:00:00;<NA>;Botany;L.2067191;0;0;0;Ridsdale;;0;1;1;1985;0;0;0;L2067191;1684;;Ridsdale CE;"; Bakhuizen van den Brink Jr RC";detby_problem;"; Bakhuizen van den Brink Jr RC"
Goniothalamus (Blume) Hook.f. & Thomson;Goniothalamus;PH;Puerto Princesa municipality, Mt. Beaufort, north spur, west side, old track.;9.739167;118.735278;Ridsdale, CE;Ridsdale, CE SMHI 1684 ;14;5;1984;Brink Jr, RCB van den;1985-01-01T00:00:00;<NA>;Botany;L.2067193;0;0;0;Ridsdale;;0;1;1;1985;0;0;0;L2067193;1684;;Ridsdale CE;"; Bakhuizen van den Brink Jr RC";detby_problem;"; Bakhuizen van den Brink Jr RC"
Goniothalamus (Blume) Hook.f. & Thomson;Goniothalamus;PH;Puerto Princesa municipality, Mt. Beaufort, north spur, west side, old track.;9.739167;118.735278;Ridsdale, CE;Ridsdale, CE SMHI 1684 ;14;5;1984;Brink Jr, RCB van den;1985-01-01T00:00:00;<NA>;Botany;L  0771810;0;0;0;Ridsdale;;0;1;1;1985;0;0;0;L0771810;1684;;Ridsdale CE;"; Bakhuizen van den Brink Jr RC";detby_problem;"; Bakhuizen van den Brink Jr RC"
Polyalthia Blume;Polyalthia;PH;Palawan Island, Municip. Nara, vincinity of Trident mine, Victoria 'Range;9.38333;118.4;Soejarto, DD;Collector Number: 6167;23;7;1988;;<NA>;BPBM;BISH;603696;0;0;0;Collector;;0;;;;0;0;0;BISH603696;6167;;Soejarto, D.D. Madulid, D.A.;<NA>;adulid, D.A.;recby_problem
Cyathocalyx Champ. ex Hook.f. & Thomson;Cyathocalyx;PH;Mt. Bloomfield, St. Paul's Bay;10.02;118.883;Soejarto, DD;Collector Number: 6360;5;8;1988;;<NA>;BPBM;BISH;603717;0;0;0;Collector;;0;;;;0;0;0;BISH603717;6360;;Soejarto, D.D. Madulid, D.A.;<NA>;adulid, D.A.;recby_problem
Cyathostemma micranthum (A.DC.) J.Sinclair;Uvaria;PH;Palawan Island, Municip. Puerto Princesa, Takdua Zigzag, 35 - 40 km from Puerto Princesa;9.61667;118.7;Soejarto, DD;Collector Number: 6242;30;7;1988;;<NA>;BPBM;BISH;603448;0;0;0;Collector;;0;;;;0;0;0;BISH603448;6242;micrantha;Soejarto, D.D. Reynoso, E.;<NA>;eynoso, E.;recby_problem
Friesodielsia lagunensis (Elmer) Steenis;Friesodielsia;PH;Palawan: Quezon Municip, Bgy Tuangan, Ladayon village, forested slopes near village, c.30km S of Quezon on road Quezon-Ransang;8.944444;117.55;Soejarto, DD;"Soejarto, DD; et al.  8508 ";22;6;1994;Regalado Jr, JC;1995-01-01T00:00:00;<NA>;Botany;L.4345977;0;0;0;Soejarto;;0;1;1;1995;0;0;0;L4345977;8508;lagunensis;"Soejarto DD; et al.";Regalado Jr JC;detby_problem; JC
Pseuduvaria pamattonis (Miq.) Y.C.F.Su & R.M.K.Saunders;Pseuduvaria;PH;"Philippines, Palawan, Brooke's Point, Addison Peak, southern slope.8.50 N; 117.50 E; 500-6-- m alt.";8.833333;117.833333;Soejarto, DD;"Soejarto, DD; Fernando, O  7374 ";25;1;1991;Su, YG;2001-12-01T00:00:00;<NA>;Botany;L.1764256;0;0;0;Soejarto;;0;1;12;2001;0;0;0;L1764256;7374;pamattonis;"Soejarto DD; Fernando O";Su Y-G;detby_problem;Su Y-G
Alphonsea Hook.f. & Thomson;Alphonsea;PH;Palawan: Munic. Brooke's Point, Barangay Malis, Mangugurang slopes above Magagong Palaweno settlement at southern reaches of Mantalingajang Range.;08.08;117.75;Soejarto, DD;"Soejarto, DD; et al.  8266 ";14;6;1994;Regalado Jr ,JC;1995-01-01T00:00:00;<NA>;Botany;L.1744770;0;0;0;Soejarto;;0;1;1;1995;0;0;0;L1744770;8266;;"Soejarto DD; et al.";Regalado Jr JC;detby_problem; JC
Annonaceae;<NA>;PH;"Siargao Isl; Surigao del Norte Prov. - Poneas Is., Sitio Ddabo";09.91;125.95;Stone, BC;Collector Number: 12019;28;5;1993;;<NA>;BPBM;BISH;685269;0;0;0;Collector;;0;;;;0;0;0;BISH685269;12019;;"Stone, B.C. Barbon; Garcia";<NA>;arbon;recby_problem
Annonaceae;<NA>;PH;Dapa, Santa Clara;9.75833;126.052;Stone, BC;Collector Number: 9401;24;5;1993;;<NA>;BPBM;BISH;683469;0;0;0;Collector;;0;;;;0;0;0;BISH683469;9401;;"Stone, B.C. Barbon; Garcia";<NA>;arbon;recby_problem
Goniothalamus (Blume) Hook.f. & Thomson;Goniothalamus;PH;"Luzon Isl; Auro9ra Prov. - W of Baler, Diteki & Villa Aurora";16.0;121.467;Stone, BC;Collector Number: 9817;5;5;1992;;<NA>;BPBM;BISH;688581;0;0;0;Collector;;0;;;;0;0;0;BISH688581;9817;;"Stone, B.C. Fuentes; Fernando";<NA>;uentes;recby_problem
Annonaceae;<NA>;PH;"Philippines; Samar, Panhulugan.";12.035;125.206667;University of San Carlos;University of San Carlos  314 ;31;5;1971;;<NA>;<NA>;Botany;L.1768874;0;0;0;University;;0;;;;0;0;0;L1768874;314;;University of San Carlos;<NA>; Carlos;recby_problem
Annonaceae;<NA>;PH;Philippines, Samar, Mabini.;12.1973;124.7636;University of San Carlos;University of San Carlos  473 ;10;6;1971;;<NA>;<NA>;Botany;L.1768873;0;0;0;University;;0;;;;0;0;0;L1768873;473;;University of San Carlos;<NA>; Carlos;recby_problem
Polyalthia obliqua Hook.f. & Thomson;Polyalthia;PH;Philippines, Mindanao, Surigao del Sur, Aras-asan.;8.887815;126.311198;University of San Carlos;University of San Carlos  802 ;14;5;1975;;<NA>;<NA>;Botany;L.1767305;0;0;0;University;;0;;;;0;0;0;L1767305;802;obliqua;University of San Carlos;Heusden ECH van; Carlos;recby_problem
Uvaria grandiflora Roxb. ex Hornem.;Uvaria;PH;Philippines, Panay Island: Southwestern range of Mt. Baloy, Laggit, 2-3 km SE of Lublub.;11.05;122.1;Varadarajan, GS;"Varadarajan, GS; Reynoso, EJ; Fernando; Mosing  1571 ";8;8;1987;Setten, AK van, Heusden, ECH van;<NA>;<NA>;Botany;L.1770659;0;0;0;Varadarajan;;0;;;;0;0;0;L1770659;1571;grandiflora;"Varadarajan GS; Reynoso EJ; Fernando; Mosing";"Setten AK van; Heusden ECH van";detby_problem;"Setten AK van; Heusden ECH van"
