;recorded_by;orig_recby;colnum_full;det_by;orig_detby;to_check;to_check_det
8;Calléry;Calléry;;;Meade, C.;Calléry;recby_problem
9;Calléry;Calléry;;;<NA>;Calléry;recby_problem
38;Pételot;Pételot;2006;;Pételot;Pételot;recby_problem
40;Pételot;Pételot;4861;;Weerasooriya, A.D.;Pételot;recby_problem
41;Pételot;Pételot;940;;Pételot;Pételot;recby_problem
43;Bèjeaud;Bèjeaud;530;;Weerasooriya, A.D.;Bèjeaud;recby_problem
44;<NA>;<NA>;;;Weerasooriya, A.D.;<NA>;recby_problem
48;Pételot;Pételot;6356;;Weerasooriya, A.D.;Pételot;recby_problem
75;Calléry;Calléry;;;<NA>;Calléry;recby_problem
76;Calléry;Calléry;47;;<NA>;Calléry;recby_problem
78;Calléry;Calléry;150;;<NA>;Calléry;recby_problem
83;<NA>;<NA>;;;<NA>;<NA>;recby_problem
116;van Beusekom, C.F.;van Beusekom, C.F.;2762;;Su, Y.C.F.;van Beusekom, C.F.;recby_problem
134;van Beusekom, C.F.;van Beusekom, C.F.;541;;Su, Y.C.F.;van Beusekom, C.F.;recby_problem
143;Pételot;Pételot;906;;Nguyen, T.B.;Pételot;recby_problem
146;Pételot;Pételot;6421;;Utteridge, T.M.A.;Pételot;recby_problem
147;Pételot;Pételot;6057;;Utteridge, T.M.A.;Pételot;recby_problem
149;McClure, F.A.;McClure, F.A.;9697;;<NA>;McClure, F.A.;recby_problem
162;<NA>;<NA>;;;<NA>;<NA>;recby_problem
183;<NA>;<NA>;;;<NA>;<NA>;recby_problem
192;<NA>;<NA>;3731;;Theo et Boichard;<NA>;recby_problem
193;<NA>;<NA>;3731;;Theo et Boichard;<NA>;recby_problem
207;Fénix, E.;Fénix, E.;29992;;<NA>;Fénix, E.;recby_problem
228;van Beusekom, C.F.;van Beusekom, C.F.;784;;Kessler, P.;van Beusekom, C.F.;recby_problem
263;<NA>;<NA>;;;<NA>;<NA>;recby_problem
267;Müller;Müller;904;;<NA>;Müller;recby_problem
268;Riedlé;Riedlé;;;<NA>;Riedlé;recby_problem
269;Riedlé;Riedlé;;;<NA>;Riedlé;recby_problem
279;van Beusekom, C.F.;van Beusekom, C.F.;1842;;Meade, C.;van Beusekom, C.F.;recby_problem
280;van Beusekom, C.F.;van Beusekom, C.F.;1887 A;;Meade, C.;van Beusekom, C.F.;recby_problem
281;van Beusekom, C.F.;van Beusekom, C.F.;1887 A;;<NA>;van Beusekom, C.F.;recby_problem
292;Lefèvre, E.;Lefèvre, E.;332;;Meade, C.;Lefèvre, E.;recby_problem
331;Lörzing;Lörzing;5585;;Bakhuizen van den Brink;Lörzing;recby_problem
358;Riedlé;Riedlé;;;<NA>;Riedlé;recby_problem
360;<NA>;<NA>;2735;;<NA>;<NA>;recby_problem
369;Pételot;Pételot;5800;;Meade, C.;Pételot;recby_problem
373;Béjaud;Béjaud;160;;Chaowasku, T.;Béjaud;recby_problem
374;Béjaud;Béjaud;108;;Chaowasku, T.;Béjaud;recby_problem
377;Pételot;Pételot;4859;;Pételot;Pételot;recby_problem
378;Pételot;Pételot;6297;;Brink, E.C. van den;Pételot;recby_problem
409;Alleizette, C. d';Alleizette, C. d';;;Meade, C.;';recby_problem
430;Lörzing;Lörzing;5597;;Deroin, T.;Lörzing;recby_problem
451;Perry, de;Perry, de;2021;;Pierre, L.;Perry, de;recby_problem
467;Pételot, P.A.;Pételot, P.A.;1817;;Brink, E.C. van den;Pételot, P.A.;recby_problem
478;Phạm Hoàng Hộ;Phạm Hoàng Hộ;5302;;Chaowasku, T.;Phạm Hoàng Hộ;recby_problem
489;<NA>;<NA>;;;Chaowasku, T.;<NA>;recby_problem
491;<NA>;<NA>;;;Chaowasku, T.;<NA>;recby_problem
511;<NA>;<NA>;;;<NA>;<NA>;recby_problem
538;<NA>;<NA>;3;;Deroin, T.;<NA>;recby_problem
549;Perry, de;Perry, de;1758;;Saunders, R.M.K.;Perry, de;recby_problem
560;McClure, F.A.;McClure, F.A.;9733;;<NA>;McClure, F.A.;recby_problem
562;<NA>;<NA>;;;<NA>;<NA>;recby_problem
563;Müller;Müller;331;;<NA>;Müller;recby_problem
582;Phạm Hoàng Hộ;Phạm Hoàng Hộ;5288;;Kessler, P.;Phạm Hoàng Hộ;recby_problem
587;Bèjeaud;Bèjeaud;664;;van den Brink, E.C.;Bèjeaud;recby_problem
605;Alleizette, C. d';Alleizette, C. d';;;Meade, C.;';recby_problem
606;Béjaud;Béjaud;48;;<NA>;Béjaud;recby_problem
618;Vigineix-Roche;Vigineix-Roche;2;;<NA>;Vigineix-Roche;recby_problem
619;Vigineix-Roche;Vigineix-Roche;4;;<NA>;Vigineix-Roche;recby_problem
630;Lefèvre, E.;Lefèvre, E.;532;;<NA>;Lefèvre, E.;recby_problem
631;Lefèvre, E.;Lefèvre, E.;118;;Kessler, P.;Lefèvre, E.;recby_problem
632;Lefèvre, E.;Lefèvre, E.;384;;<NA>;Lefèvre, E.;recby_problem
669;Bornmüller, J.;Bornmüller, J.;5152;;Haussknecht, C.;Bornmüller, J.;recby_problem
673;Pételot;Pételot;2006;;Pételot;Pételot;recby_problem
675;van Beusekom, C.F.;van Beusekom, C.F.;1983;;Ng Kwok Wun;van Beusekom, C.F.;recby_problem
676;van Beusekom, C.F.;van Beusekom, C.F.;4209;;Ng Kwok Wun;van Beusekom, C.F.;recby_problem
681;Alleizette, C. d';Alleizette, C. d';;;Kessler, P.;';recby_problem
689;Contest-Lacour;Contest-Lacour;;;Kessler, P.;Contest-Lacour;recby_problem
692;<NA>;<NA>;;;<NA>;<NA>;recby_problem
759;McClure, F.A.;McClure, F.A.;8420;;Merrill, E.D.;McClure, F.A.;recby_problem
788;Pételot;Pételot;1297;;Ng Kwok Wun;Pételot;recby_problem
789;Pételot;Pételot;1442;;Ng Kwok Wun;Pételot;recby_problem
790;Pételot;Pételot;4855;;Ng Kwok Wun;Pételot;recby_problem
791;Pételot;Pételot;4856;;Ng Kwok Wun;Pételot;recby_problem
792;Phung van Diên;Phung van Diên;136;;<NA>;ên;recby_problem
802;<NA>;<NA>;;;<NA>;<NA>;recby_problem
814;<NA>;<NA>;;;<NA>;<NA>;recby_problem
815;Calléry;Calléry;6;;<NA>;Calléry;recby_problem
816;Calléry;Calléry;6;;<NA>;Calléry;recby_problem
817;Calléry;Calléry;19;;<NA>;Calléry;recby_problem
818;Calléry;Calléry;29;;<NA>;Calléry;recby_problem
840;Müller;Müller;1940;;Ng Kwok Wun;Müller;recby_problem
841;Müller;Müller;2078;;Ng Kwok Wun;Müller;recby_problem
857;Alleizette, d';Alleizette, d';158;;<NA>;Alleizette, d';recby_problem
896;Müller;Müller;150;;Kessler, P.;Müller;recby_problem
897;Pételot;Pételot;1466;;<NA>;Pételot;recby_problem
898;Pételot;Pételot;7638;;<NA>;Pételot;recby_problem
900;Pételot;Pételot;1780;;<NA>;Pételot;recby_problem
901;Pételot;Pételot;1780;;<NA>;Pételot;recby_problem
902;Pételot;Pételot;3954;;Deroin, T.;Pételot;recby_problem
903;Pételot;Pételot;3954;;Deroin, T.;Pételot;recby_problem
910;Lefèvre, E.;Lefèvre, E.;243;;<NA>;Lefèvre, E.;recby_problem
911;Müller;Müller;618;;Ng Kwok Wun;Müller;recby_problem
912;Müller;Müller;678;;Ng Kwok Wun;Müller;recby_problem
913;Pételot;Pételot;918;;Pételot;Pételot;recby_problem
914;Pételot;Pételot;1273;;<NA>;Pételot;recby_problem
915;Pasquier, du;Pasquier, du;3015;;<NA>;Pasquier, du;recby_problem
917;<NA>;<NA>;;;<NA>;<NA>;recby_problem
937;Pételot;Pételot;6362;;<NA>;Pételot;recby_problem
941;Pételot;Pételot;3964;;<NA>;Pételot;recby_problem
942;Pételot;Pételot;3964;;Johnson;Pételot;recby_problem
955;van Steenis, C.G.G.J.;van Steenis, C.G.G.J.;9843;;van Steenis, C.G.G.J.;van Steenis, C.G.G.J.;recby_problem
956;Müller;Müller;605;;Meade, C.;Müller;recby_problem
957;Müller;Müller;605;;Meade, C.;Müller;recby_problem
959;Müller;Müller;601;;Meade, C.;Müller;recby_problem
991;van Beusekom, C.F.;van Beusekom, C.F.;2548;;van Setten, A.K.;van Beusekom, C.F.;recby_problem
1021;Pételot;Pételot;906;;Pételot;Pételot;recby_problem
1025;<NA>;<NA>;;;<NA>;<NA>;recby_problem
1048;<NA>;<NA>;17786;;<NA>;<NA>;recby_problem
1057;<NA>;<NA>;;;<NA>;<NA>;recby_problem
1086;Béjaud;Béjaud;611;;van Heusden, E.C.H.;Béjaud;recby_problem
1087;Béjaud, M.;Béjaud, M.;611;;<NA>;Béjaud, M.;recby_problem
1088;Alleizette, C. d';Alleizette, C. d';;;Alleizette, C. d';';recby_problem
1093;Hiêp;Hiêp;859;;Deroin, T.;Hiêp;recby_problem
1096;<NA>;<NA>;26;;Deroin, T.;<NA>;recby_problem
1110;<NA>;<NA>;;;<NA>;<NA>;recby_problem
1130;Edaño, G.;Edaño, G.;26907;;<NA>;Edaño, G.;recby_problem
1143;Hiêp;Hiêp;20;;Meade, C.;Hiêp;recby_problem
1148;Pételot;Pételot;5694;;<NA>;Pételot;recby_problem
1149;Pételot;Pételot;5694;;Pételot;Pételot;recby_problem
1191;McGregor, R.C.;McGregor, R.C.;18547;;Kessler, P.;McGregor, R.C.;recby_problem
1197;McGregor, R.C.;McGregor, R.C.;;;van Heusden, E.C.H.;McGregor, R.C.;recby_problem
1204;van Beusekom, C.F.;van Beusekom, C.F.;1032;;van Heusden, E.C.H.;van Beusekom, C.F.;recby_problem
1212;McGregor, R.C.;McGregor, R.C.;26227;;<NA>;McGregor, R.C.;recby_problem
1218;<NA>;<NA>;;;<NA>;<NA>;recby_problem
1222;<NA>;<NA>;;;<NA>;<NA>;recby_problem
1224;Calléry;Calléry;;;Kessler, P.;Calléry;recby_problem
1231;Fénix, E.;Fénix, E.;1284;;<NA>;Fénix, E.;recby_problem
1238;Edaño, G.;Edaño, G.;;;<NA>;Edaño, G.;recby_problem
1248;McClure, F.A.;McClure, F.A.;8922;;<NA>;McClure, F.A.;recby_problem
1259;Fénix, E.;Fénix, E.;;;Kessler, P.;Fénix, E.;recby_problem
1276;van Beusekom, C.F.;van Beusekom, C.F.;193;;van Heusden, E.C.H.;van Beusekom, C.F.;recby_problem
1290;Pételot, A.;Pételot, A.;;;van Setten, A.K.;Pételot, A.;recby_problem
1303;McClure, F.A.;McClure, F.A.;8634;;Merrill, E.D.;McClure, F.A.;recby_problem
1308;<NA>;<NA>;;;<NA>;<NA>;recby_problem
1309;<NA>;<NA>;;;<NA>;<NA>;recby_problem
1333;Müller;Müller;182;;Chaowasku, T.;Müller;recby_problem
1334;Müller;Müller;464;;<NA>;Müller;recby_problem
1362;Pételot;Pételot;4858;;van Heusden, E.C.H.;Pételot;recby_problem
1363;Pételot;Pételot;4858;;Pételot;Pételot;recby_problem
1364;Pételot;Pételot;5955;;Van Heusden, E.C.H.;Pételot;recby_problem
1365;Pételot;Pételot;5964;;Pételot;Pételot;recby_problem
1366;Pételot;Pételot;5964;;<NA>;Pételot;recby_problem
1386;van Beusekom, C.F.;van Beusekom, C.F.;4432;;Meade, C.;van Beusekom, C.F.;recby_problem
1412;<NA>;<NA>;;;<NA>;<NA>;recby_problem
1457;van Beusekom, C.F.;van Beusekom, C.F.;1001;;Kessler, P.;van Beusekom, C.F.;recby_problem
1458;van Beusekom, C.F.;van Beusekom, C.F.;2063;;Kessler, P.;van Beusekom, C.F.;recby_problem
1464;<NA>;<NA>;3713;;Theo et Boichad;<NA>;recby_problem
1465;<NA>;<NA>;3713;;Theo et Boichard;<NA>;recby_problem
1466;<NA>;<NA>;3713;;Theo et Boichard;<NA>;recby_problem
1468;Pételot;Pételot;4698;;<NA>;Pételot;recby_problem
1469;Pételot;Pételot;4698;;<NA>;Pételot;recby_problem
1470;Pételot;Pételot;4698;;<NA>;Pételot;recby_problem
1471;Pételot;Pételot;4698;;Su, Y.C.F.;Pételot;recby_problem
1472;Pételot;Pételot;6377;;Pételot;Pételot;recby_problem
1524;Lemarié;Lemarié;33;;<NA>;Lemarié;recby_problem
1526;Perry, de;Perry, de;178;;<NA>;Perry, de;recby_problem
1527;Pételot;Pételot;189;;<NA>;Pételot;recby_problem
1528;Pételot;Pételot;189;;<NA>;Pételot;recby_problem
1540;<NA>;<NA>;;;<NA>;<NA>;recby_problem
1551;Müller, R.;Müller, R.;1603;;<NA>;Müller, R.;recby_problem
1552;Pételot;Pételot;5269;;Pételot;Pételot;recby_problem
1553;Pételot;Pételot;5269;;<NA>;Pételot;recby_problem
1561;Pételot;Pételot;5269;;Pételot;Pételot;recby_problem
1562;Pételot;Pételot;4853;;Pételot;Pételot;recby_problem
1563;Pételot;Pételot;4853;;Pételot;Pételot;recby_problem
1564;Pételot;Pételot;5514;;Pételot;Pételot;recby_problem
1565;Pételot;Pételot;5514;;Pételot;Pételot;recby_problem
1566;Pételot;Pételot;4852;;Pételot;Pételot;recby_problem
1567;Pételot;Pételot;4852;;Pételot;Pételot;recby_problem
1573;van Beusekom, C.F.;van Beusekom, C.F.;2766;;Kessler, P.;van Beusekom, C.F.;recby_problem
1580;<NA>;<NA>;2134;;<NA>;<NA>;recby_problem
1598;bin Kindungan, A.;bin Kindungan, A.;A 495;;<NA>;bin Kindungan, A.;recby_problem
1613;<NA>;<NA>;;;<NA>;<NA>;recby_problem
1625;Leong-Skornickova, J.;Leong-Skornickova, J.;3015;;<NA>;Leong-Skornickova, J.;recby_problem
1635;<NA>;<NA>;;;<NA>;<NA>;recby_problem
1636;<NA>;<NA>;10;;<NA>;<NA>;recby_problem
1637;<NA>;<NA>;;;<NA>;<NA>;recby_problem
1639;<NA>;<NA>;7323;;<NA>;<NA>;recby_problem
1660;Müller, R.;Müller, R.;1433;;<NA>;Müller, R.;recby_problem
1715;<NA>;<NA>;3712;;Kessler, P.;<NA>;recby_problem
1716;<NA>;<NA>;3712;;Kessler, P.;<NA>;recby_problem
1740;<NA>;<NA>;;;<NA>;<NA>;recby_problem
1756;Ma'roef, A.;Ma'roef, A.;239;;<NA>;Ma'roef, A.;recby_problem
1760;<NA>;<NA>;;;<NA>;<NA>;recby_problem
1771;La Savinierre, E. de;La Savinierre, E. de;1232;;<NA>;, E. de;recby_problem
1774;<NA>;<NA>;486;;<NA>;<NA>;recby_problem
1793;McGregor, R.C.;McGregor, R.C.;18783;;Kessler, P.;McGregor, R.C.;recby_problem
1794;<NA>;<NA>;223;;Kessler, P.;<NA>;recby_problem
1795;<NA>;<NA>;228;;Kessler, P.;<NA>;recby_problem
1797;McGregor, R.C.;McGregor, R.C.;;;Kessler, P.;McGregor, R.C.;recby_problem
1819;van Balgooy;van Balgooy;5895;;<NA>;van Balgooy;recby_problem
1859;Hiêp;Hiêp;13 A;;<NA>;Hiêp;recby_problem
1860;Hiêp;Hiêp;13 A;;<NA>;Hiêp;recby_problem
1861;Hiêp;Hiêp;13;;Kessler, P.;Hiêp;recby_problem
1863;Nguyen Ngoc, J.;Nguyen Ngoc, J.;60;;Tran, H.;, J.;recby_problem
1868;<NA>;<NA>;40;;van Setten, A.K.;<NA>;recby_problem
1871;Châtillon;Châtillon;;;<NA>;Châtillon;recby_problem
1877;van Beusekom, C.F.;van Beusekom, C.F.;522;;<NA>;van Beusekom, C.F.;recby_problem
1898;<NA>;<NA>;;;<NA>;<NA>;recby_problem
1903;<NA>;<NA>;;;Kessler, P.;<NA>;recby_problem
1904;<NA>;<NA>;;;<NA>;<NA>;recby_problem
1905;Macé;Macé;;;<NA>;Macé;recby_problem
1928;Béjaud;Béjaud;141;;<NA>;Béjaud;recby_problem
1946;Bèjeaud;Bèjeaud;147;;<NA>;Bèjeaud;recby_problem
1948;<NA>;<NA>;175;;Deroin, T.;<NA>;recby_problem
1986;<NA>;<NA>;;;Rogstad, S.H.;<NA>;recby_problem
1987;Macé;Macé;;;<NA>;Macé;recby_problem
1988;Macé;Macé;;;<NA>;Macé;recby_problem
2000;<NA>;<NA>;;;<NA>;<NA>;recby_problem
2001;<NA>;<NA>;;;<NA>;<NA>;recby_problem
2006;<NA>;<NA>;;;<NA>;<NA>;recby_problem
2026;<NA>;<NA>;bb 24016;;Kessler, P.;<NA>;recby_problem
2054;Porée-Maspero;Porée-Maspero;;;Kessler, P.;Porée-Maspero;recby_problem
2061;van Beusekom, C.F.;van Beusekom, C.F.;2003;;van Setten, A.K.;van Beusekom, C.F.;recby_problem
2062;van Beusekom, C.F.;van Beusekom, C.F.;1063;;van Setten, A.K.;van Beusekom, C.F.;recby_problem
2063;Labillardière;Labillardière;;;Meade, C.;Labillardière;recby_problem
2064;<NA>;<NA>;;;Meade, C.;<NA>;recby_problem
2079;Alleizette, C. d';Alleizette, C. d';;;Alleizette, C. d';';recby_problem
2085;Rémy, J.;Rémy, J.;;;<NA>;Rémy, J.;recby_problem
2088;<NA>;<NA>;;;<NA>;<NA>;recby_problem
2092;Macé;Macé;;;<NA>;Macé;recby_problem
2093;Macé;Macé;;;<NA>;Macé;recby_problem
2095;Macé;Macé;;;<NA>;Macé;recby_problem
2106;<NA>;<NA>;;;<NA>;<NA>;recby_problem
2107;<NA>;<NA>;;;<NA>;<NA>;recby_problem
2110;<NA>;<NA>;;;<NA>;<NA>;recby_problem
2151;Edaño, G.;Edaño, G.;;;van Setten, A.K.;Edaño, G.;recby_problem
2154;Edaño, G.;Edaño, G.;;;<NA>;Edaño, G.;recby_problem
2172;<NA>;<NA>;3681;;Théo et Boichard;<NA>;recby_problem
2173;<NA>;<NA>;3681;;<NA>;<NA>;recby_problem
2176;van Beusekom, C.F.;van Beusekom, C.F.;749;;Kessler, P.;van Beusekom, C.F.;recby_problem
2194;<NA>;<NA>;;;<NA>;<NA>;recby_problem
2249;Fénix, E.;Fénix, E.;28413;;<NA>;Fénix, E.;recby_problem
2254;<NA>;<NA>;;;<NA>;<NA>;recby_problem
2276;Béjaud, M.;Béjaud, M.;747;;Kessler, P.;Béjaud, M.;recby_problem
2277;Béjaud;Béjaud;;;Kessler, P.;Béjaud;recby_problem
2278;Béjaud, M.;Béjaud, M.;;;<NA>;Béjaud, M.;recby_problem
2292;<NA>;<NA>;4706;;Teo, L.E. & Tetu, J.C.;<NA>;recby_problem
2294;Lépine;Lépine;;;<NA>;Lépine;recby_problem
2295;Bélanger;Bélanger;;;<NA>;Bélanger;recby_problem
2304;Lépine;Lépine;;;<NA>;Lépine;recby_problem
2331;Macé;Macé;;;<NA>;Macé;recby_problem
2332;Hôi;Hôi;367;;<NA>;Hôi;recby_problem
2347;<NA>;<NA>;;;<NA>;<NA>;recby_problem
2349;van Beusekom, C.F.;van Beusekom, C.F.;1860;;Kessler, P.;van Beusekom, C.F.;recby_problem
2353;van Beusekom, C.F.;van Beusekom, C.F.;699;;Kessler, P.;van Beusekom, C.F.;recby_problem
2394;Pételot;Pételot;4854;;Pételot;Pételot;recby_problem
2395;Pételot;Pételot;4854;;Pételot;Pételot;recby_problem
2396;Pételot;Pételot;4854;;<NA>;Pételot;recby_problem
2400;Béjaud, M.;Béjaud, M.;;;<NA>;Béjaud, M.;recby_problem
2401;Béjaud, M.;Béjaud, M.;182;;<NA>;Béjaud, M.;recby_problem
2410;Béjaud;Béjaud;82;;Kessler, P.;Béjaud;recby_problem
2415;Luo-Linbo;Luo-Linbo;447;;Luo Zhong-chun;Luo-Linbo;recby_problem
2423;Djendoel Soejarto, D.;Djendoel Soejarto, D.;14075;;<NA>;, D.;recby_problem
2458;Langlassé, E.;Langlassé, E.;199;;Kessler, P.;Langlassé, E.;recby_problem
2459;Langlassé, E.;Langlassé, E.;199;;Kessler, P.;Langlassé, E.;recby_problem
2462;Langlassé, E.;Langlassé, E.;98;;Kessler, P.;Langlassé, E.;recby_problem
2463;<NA>;<NA>;;;<NA>;<NA>;recby_problem
2465;<NA>;<NA>;bb 30606;;<NA>;<NA>;recby_problem
2467;<NA>;<NA>;bb 28378;;<NA>;<NA>;recby_problem
2468;Neth.Ind.For.Service;Neth.Ind.For.Service;bb 22428;;<NA>;Neth.Ind.For.Service;recby_problem
2474;<NA>;<NA>;1701;;<NA>;<NA>;recby_problem
2478;Langlassé, E.;Langlassé, E.;194;;Kessler, P.;Langlassé, E.;recby_problem
2479;Langlassé, E.;Langlassé, E.;90;;Kessler, P.;Langlassé, E.;recby_problem
2514;<NA>;<NA>;;;<NA>;<NA>;recby_problem
2515;<NA>;<NA>;;;<NA>;<NA>;recby_problem
2550;<NA>;<NA>;bb 32173;;van Steenis;<NA>;recby_problem
2551;<NA>;<NA>;Cel./II 493;;van Steenis;<NA>;recby_problem
2564;<NA>;<NA>;bb 27013;;van Steenis;<NA>;recby_problem
2570;<NA>;<NA>;;;<NA>;<NA>;recby_problem
2579;<NA>;<NA>;bb 29135;;Kessler, P.;<NA>;recby_problem
2591;<NA>;<NA>;;;<NA>;<NA>;recby_problem
2592;<NA>;<NA>;;;<NA>;<NA>;recby_problem
2648;<NA>;<NA>;854;;<NA>;<NA>;recby_problem
2659;de Wilde, W.J.J.O.;de Wilde, W.J.J.O.;18657;;de Wilde, W.J.J.O. et de Wilde-Duyfjes, B.E.E.;de Wilde, W.J.J.O.;recby_problem
2787;Bakhuizen van den Brink;Bakhuizen van den Brink;4671;;Kessler, P.;Bakhuizen van den Brink;recby_problem
2791;Bakhuizen van den Brink;Bakhuizen van den Brink;5918;;Kessler, P.;Bakhuizen van den Brink;recby_problem
2800;<NA>;<NA>;;;Kessler, P.;<NA>;recby_problem
2806;Labillardière;Labillardière;;;Kessler, P.;Labillardière;recby_problem
2850;McGregor, R.C.;McGregor, R.C.;;;<NA>;McGregor, R.C.;recby_problem
2862;van Borssum Waalkes, J.;van Borssum Waalkes, J.;3276;;<NA>;van Borssum Waalkes, J.;recby_problem
2866;<NA>;<NA>;1701;;Kessler;<NA>;recby_problem
2883;<NA>;<NA>;56;;Kessler, P.;<NA>;recby_problem
2898;Béjaud, M.;Béjaud, M.;124;;Kessler, P.;Béjaud, M.;recby_problem
2913;van Beusekom, C.F.;van Beusekom, C.F.;2754;;Kessler, P.;van Beusekom, C.F.;recby_problem
2915;van Beusekom, C.F.;van Beusekom, C.F.;2760;;Kessler, P.;van Beusekom, C.F.;recby_problem
2917;<NA>;<NA>;;;Kessler, P.;<NA>;recby_problem
2957;<NA>;<NA>;;;Kessler, P.;<NA>;recby_problem
3016;van Beusekom, C.F.;van Beusekom, C.F.;1033;;Kessler, P.;van Beusekom, C.F.;recby_problem
3028;Hiêp;Hiêp;488;;<NA>;Hiêp;recby_problem
3030;Hiêp;Hiêp;488;;<NA>;Hiêp;recby_problem
3037;<NA>;<NA>;4757;;Teo, L.E. & Tetu, J.C.;<NA>;recby_problem
3050;<NA>;<NA>;;;<NA>;<NA>;recby_problem
3065;van Balgooy;van Balgooy;5907;;Kessler, P.;van Balgooy;recby_problem
3077;<NA>;<NA>;;;<NA>;<NA>;recby_problem
3086;van Beusekom, C.F.;van Beusekom, C.F.;179;;Kessler, P.;van Beusekom, C.F.;recby_problem
3087;<NA>;<NA>;52;;<NA>;<NA>;recby_problem
3125;Kamphövener;Kamphövener;3124;;EDM;Kamphövener;recby_problem
3142;Alleizette, C. d';Alleizette, C. d';;;Kessler, P.;';recby_problem
3143;Alleizette, C. d';Alleizette, C. d';5;;Kessler, P.;';recby_problem
3145;van Beusekom, C.F.;van Beusekom, C.F.;3735;;<NA>;van Beusekom, C.F.;recby_problem
3146;van Beusekom, C.F.;van Beusekom, C.F.;4555;;<NA>;van Beusekom, C.F.;recby_problem
3215;Alleizette,  C. d';Alleizette,  C. d';;;Kessler, P.;';recby_problem
3228;<NA>;<NA>;;;<NA>;<NA>;recby_problem
3267;Pételot;Pételot;8647;;<NA>;Pételot;recby_problem
3312;<NA>;<NA>;3703;;Theo et Boichard;<NA>;recby_problem
3313;<NA>;<NA>;3703;;Theo et Boichard;<NA>;recby_problem
3325;van Beusekom, C.F.;van Beusekom, C.F.;750;;Kessler, P.;van Beusekom, C.F.;recby_problem
3326;van Beusekom, C.F.;van Beusekom, C.F.;2806;;Kessler, P.;van Beusekom, C.F.;recby_problem
3337;van Beusekom, C.F.;van Beusekom, C.F.;3701;;Kessler, P.;van Beusekom, C.F.;recby_problem
3347;van Beusekom, C.F.;van Beusekom, C.F.;257;;Kessler, P.;van Beusekom, C.F.;recby_problem
3359;Bèjeaud;Bèjeaud;629;;<NA>;Bèjeaud;recby_problem
3360;Béjeaud;Béjeaud;629;;<NA>;Béjeaud;recby_problem
3361;Bèjeaud;Bèjeaud;629;;<NA>;Bèjeaud;recby_problem
3366;Bakhuizen van den Brink;Bakhuizen van den Brink;5774;;Rogstad, S.H.;Bakhuizen van den Brink;recby_problem
3367;Bakhuizen van den Brink;Bakhuizen van den Brink;5774;;Rogstad, S.H.;Bakhuizen van den Brink;recby_problem
3393;<NA>;<NA>;;;<NA>;<NA>;recby_problem
3416;Gwynne Vaughan, D.T.;Gwynne Vaughan, D.T.;544;;<NA>;, D.T.;recby_problem
3426;Sévenet;Sévenet;50;;<NA>;Sévenet;recby_problem
3472;Revel-MacDonald, N.;Revel-MacDonald, N.;235;;<NA>;Revel-MacDonald, N.;recby_problem
3483;Sévenet, T.;Sévenet, T.;1880;;<NA>;Sévenet, T.;recby_problem
3484;Sévenet, T.;Sévenet, T.;1880;;<NA>;Sévenet, T.;recby_problem
3485;Sévenet, T.;Sévenet, T.;1880;;Sévenet, T.;Sévenet, T.;recby_problem
3548;van Beusekom, C.F.;van Beusekom, C.F.;2774;;Kessler, P.;van Beusekom, C.F.;recby_problem
3564;van Beusekom, C.F.;van Beusekom, C.F.;3169;;Kessler;van Beusekom, C.F.;recby_problem
3579;Pirey, de;Pirey, de;41177;;Kessler, P.;Pirey, de;recby_problem
3580;Pirey, de;Pirey, de;41177;;Kessler;Pirey, de;recby_problem
3609;Leong-Skornickova, J.;Leong-Skornickova, J.;2337;;<NA>;Leong-Skornickova, J.;recby_problem
3615;<NA>;<NA>;;;<NA>;<NA>;recby_problem
3616;<NA>;<NA>;;;<NA>;<NA>;recby_problem
3619;<NA>;<NA>;4741;;Teo, L.E. & Tetu, J.C.;<NA>;recby_problem
3641;Calléry;Calléry;100;;<NA>;Calléry;recby_problem
3656;<NA>;<NA>;;;Kessler, P.;<NA>;recby_problem
3701;<NA>;<NA>;;;<NA>;<NA>;recby_problem
3717;Béjaud, M.;Béjaud, M.;844;;<NA>;Béjaud, M.;recby_problem
3718;Béjaud, M.;Béjaud, M.;;;<NA>;Béjaud, M.;recby_problem
3719;Béjaud, M.;Béjaud, M.;844;;<NA>;Béjaud, M.;recby_problem
3729;<NA>;<NA>;;;<NA>;<NA>;recby_problem
3751;Pételot;Pételot;918;;<NA>;Pételot;recby_problem
3761;McClure, F.A.;McClure, F.A.;8932;;Merrill, E.D.;McClure, F.A.;recby_problem
3770;<NA>;<NA>;;;<NA>;<NA>;recby_problem
3775;<NA>;<NA>;;;<NA>;<NA>;recby_problem
3776;<NA>;<NA>;;;<NA>;<NA>;recby_problem
3789;<NA>;<NA>;;;Pierre, L.;<NA>;recby_problem
3805;<NA>;<NA>;;;<NA>;<NA>;recby_problem
3820;<NA>;<NA>;;;<NA>;<NA>;recby_problem
3821;<NA>;<NA>;;;<NA>;<NA>;recby_problem
3836;Labillardière;Labillardière;;;<NA>;Labillardière;recby_problem
3837;Labillardière;Labillardière;;;<NA>;Labillardière;recby_problem
3857;<NA>;<NA>;;;Kessler, P.;<NA>;recby_problem
3862;Béjaud;Béjaud;257;;Kessler, P.;Béjaud;recby_problem
3886;Pirey, de;Pirey, de;41177;;Kessler, P.;Pirey, de;recby_problem
3889;van Beusekom, C.F.;van Beusekom, C.F.;2152;;Kessler, P.;van Beusekom, C.F.;recby_problem
3907;Béjaud;Béjaud;386;;Kessler, P.J.A.;Béjaud;recby_problem
3908;Béjaud;Béjaud;307;;Kessler, P.;Béjaud;recby_problem
3956;<NA>;<NA>;bb 28943;;van Steenis;<NA>;recby_problem
3960;<NA>;<NA>;;;<NA>;<NA>;recby_problem
3961;<NA>;<NA>;361;;<NA>;<NA>;recby_problem
3963;<NA>;<NA>;;;<NA>;<NA>;recby_problem
3968;Lütjeharms, W.J.;Lütjeharms, W.J.;4795;;van Steenis;Lütjeharms, W.J.;recby_problem
3972;van Beusekom, C.F.;van Beusekom, C.F.;829;;Kessler, P.;van Beusekom, C.F.;recby_problem
3973;van Beusekom, C.F.;van Beusekom, C.F.;835;;Kessler, P.;van Beusekom, C.F.;recby_problem
3974;<NA>;<NA>;;;<NA>;<NA>;recby_problem
3984;Riedlé;Riedlé;;;Deroin, T.;Riedlé;recby_problem
4003;van Balgooy;van Balgooy;5880;;Kessler, P.;van Balgooy;recby_problem
4055;Pételot;Pételot;4860;;Pételot;Pételot;recby_problem
4056;Pételot;Pételot;4860;;Pételot;Pételot;recby_problem
4076;<NA>;<NA>;;;<NA>;<NA>;recby_problem
4080;<NA>;<NA>;24226;;Rogstad, S.;<NA>;recby_problem
4082;<NA>;<NA>;;;<NA>;<NA>;recby_problem
4083;<NA>;<NA>;344;;<NA>;<NA>;recby_problem
4093;Calléry;Calléry;100;;<NA>;Calléry;recby_problem
4101;Calléry;Calléry;88;;<NA>;Calléry;recby_problem
4105;Calléry;Calléry;231 bis;;<NA>;Calléry;recby_problem
4123;<NA>;<NA>;;;Pierre, L.;<NA>;recby_problem
4134;<NA>;<NA>;4751;;Teo, L.E. & Tetu, J.C.;<NA>;recby_problem
4137;Vigineix-Roche;Vigineix-Roche;;;<NA>;Vigineix-Roche;recby_problem
4147;Alleizette,  C. d';Alleizette,  C. d';;;Alleizette, C. d';';recby_problem
4148;Châtillon;Châtillon;;;<NA>;Châtillon;recby_problem
4149;Châtillon;Châtillon;;;<NA>;Châtillon;recby_problem
4150;Vigineix-Roche;Vigineix-Roche;2;;<NA>;Vigineix-Roche;recby_problem
4151;Béjaud;Béjaud;152;;<NA>;Béjaud;recby_problem
4152;Béjaud, M.;Béjaud, M.;333;;<NA>;Béjaud, M.;recby_problem
4201;Pételot;Pételot;4857;;<NA>;Pételot;recby_problem
4202;Pételot;Pételot;4857;;<NA>;Pételot;recby_problem
4203;Pételot;Pételot;4857;;Pételot;Pételot;recby_problem
4232;<NA>;<NA>;3729;;Van Heusden, E.C.H.;<NA>;recby_problem
4234;Phạm Hoàng Hộ;Phạm Hoàng Hộ;5031;;Kessler, P.;Phạm Hoàng Hộ;recby_problem
4241;Béjaud;Béjaud;598;;Kessler, P.;Béjaud;recby_problem
4244;Phung van Diên;Phung van Diên;141;;Kessler, P.;ên;recby_problem
4293;La Savinierre, E. de;La Savinierre, E. de;1165;;Deroin, T.;, E. de;recby_problem
4298;van Borssum Waalkes, J.;van Borssum Waalkes, J.;3248;;van Borssum Waalkes, J.;van Borssum Waalkes, J.;recby_problem
4312;Labillardière;Labillardière;;;Kessler, P.;Labillardière;recby_problem
4320;van Beusekom, C.F.;van Beusekom, C.F.;3242;;<NA>;van Beusekom, C.F.;recby_problem
4323;Pételot;Pételot;4851;;Pételot;Pételot;recby_problem
4343;McGregor, R.C.;McGregor, R.C.;;;Maas, P.J.M. et Westra, L.Y.T.;McGregor, R.C.;recby_problem
4345;Serviñas, V.;Serviñas, V.;16876;;Maas, P.J.M. & Westra, L.Y.T.;Serviñas, V.;recby_problem
4349;Calléry;Calléry;8;;Maas, P.J.M. & Westra, L.Y.T.;Calléry;recby_problem
4366;Müller;Müller;9;;<NA>;Müller;recby_problem
4374;van Beusekom, C.F.;van Beusekom, C.F.;1327;;Chaowasku, T.;van Beusekom, C.F.;recby_problem
4407;<NA>;<NA>;22;;<NA>;<NA>;recby_problem
4421;van Borssum Waalkes, J.;van Borssum Waalkes, J.;3282;;Sinclair, J.;van Borssum Waalkes, J.;recby_problem
4439;Edaño, G.;Edaño, G.;41670;;van Heusden, E.C.H.;Edaño, G.;recby_problem
4457;Pételot;Pételot;1466;;Kessler, P.;Pételot;recby_problem
4458;Pételot;Pételot;1466;;Kessler, P.;Pételot;recby_problem
4494;Béjaud;Béjaud;598;;Kessler, P.;Béjaud;recby_problem
4495;Béjaud;Béjaud;598;;Kessler, P.;Béjaud;recby_problem
4513;Hiêp;Hiêp;866;;Kessler, P.;Hiêp;recby_problem
4514;Hiêp;Hiêp;866;;Kessler, P.;Hiêp;recby_problem
4516;Müller;Müller;680;;Kessler, P.;Müller;recby_problem
4517;Müller;Müller;680;;Kessler, P.;Müller;recby_problem
4518;Müller;Müller;680;;Kessler, P.;Müller;recby_problem
4575;<NA>;<NA>;;;<NA>;<NA>;recby_problem
4582;Strong Clemens, M.;Strong Clemens, M.;;;Rainer, H.;, M.;recby_problem
4657;van Balgooy;van Balgooy;5928;;Kessler, P.;van Balgooy;recby_problem
4675;Perry, de;Perry, de;600;;Maas, P.J.M. & Westra, L.Y.T.;Perry, de;recby_problem
4723;Edaño, G.;Edaño, G.;;;<NA>;Edaño, G.;recby_problem
4772;de Wilde, W.J.J.O.;de Wilde, W.J.J.O.;20152;;<NA>;de Wilde, W.J.J.O.;recby_problem
4773;de Wilde, W.J.J.O.;de Wilde, W.J.J.O.;20172;;de Wilde, W.J.J.O. et de Wilde-Duyfjes, B.E.E.;de Wilde, W.J.J.O.;recby_problem
4779;<NA>;<NA>;;;<NA>;<NA>;recby_problem
4795;Sévenet, T.;Sévenet, T.;1871;;<NA>;Sévenet, T.;recby_problem
4796;Sévenet, T.;Sévenet, T.;1871;;<NA>;Sévenet, T.;recby_problem
4812;<NA>;<NA>;3729;;Kessler, P.;<NA>;recby_problem
4841;Langlassé;Langlassé;;;Kessler;Langlassé;recby_problem
4842;Langlassé, E.;Langlassé, E.;127;;<NA>;Langlassé, E.;recby_problem
4843;<NA>;<NA>;A 3290;;<NA>;<NA>;recby_problem
4855;<NA>;<NA>;;;Kessler, P.;<NA>;recby_problem
4856;<NA>;<NA>;;;van Heusden, E.C.H.;<NA>;recby_problem
4864;<NA>;<NA>;140;;<NA>;<NA>;recby_problem
4865;Pételot;Pételot;4861;;Pételot;Pételot;recby_problem
4936;<NA>;<NA>;CL 056;;<NA>;<NA>;recby_problem
4947;<NA>;<NA>;;;<NA>;<NA>;recby_problem
4956;Pételot;Pételot;4856;;<NA>;Pételot;recby_problem
4962;Pételot;Pételot;1297;;<NA>;Pételot;recby_problem
4963;Pételot;Pételot;4855;;<NA>;Pételot;recby_problem
4964;<NA>;<NA>;;;<NA>;<NA>;recby_problem
4985;Müller;Müller;138;;Kessler, P.;Müller;recby_problem
4992;van Beusekom, C.F.;van Beusekom, C.F.;554;;Kessler, P.;van Beusekom, C.F.;recby_problem
5001;van Beusekom, C.F.;van Beusekom, C.F.;256;;van Heusden, E.C.H.;van Beusekom, C.F.;recby_problem
5003;van Beusekom, C.F.;van Beusekom, C.F.;3698;;<NA>;van Beusekom, C.F.;recby_problem
5043;<NA>;<NA>;;;Pierre, L.;<NA>;recby_problem
5046;Fénix, E.;Fénix, E.;;;Kessler, P.;Fénix, E.;recby_problem
5048;<NA>;<NA>;;;Kessler, P.;<NA>;recby_problem
5052;<NA>;<NA>;;;<NA>;<NA>;recby_problem
5055;[Zollinger, H.];[Zollinger, H.];641;;<NA>;[Zollinger, H.];recby_problem
5058;Béjaud, M.;Béjaud, M.;747;;<NA>;Béjaud, M.;recby_problem
5085;van Borssum Waalkes, J.;van Borssum Waalkes, J.;3241;;<NA>;van Borssum Waalkes, J.;recby_problem
5115;Kingdon-Ward, F.;Kingdon-Ward, F.;22044;;Kessler;Kingdon-Ward, F.;recby_problem
5116;Kingdon-Ward, F.;Kingdon-Ward, F.;22001;;van Setten, A.K.;Kingdon-Ward, F.;recby_problem
5138;van Valkenburg, J.;van Valkenburg, J.;1295;;van Valkenburg, J.;van Valkenburg, J.;recby_problem
5159;van Balgooy;van Balgooy;5923;;Kessler, P.;van Balgooy;recby_problem
5170;<NA>;<NA>;;;<NA>;<NA>;recby_problem
5171;<NA>;<NA>;;;<NA>;<NA>;recby_problem
5185;McClure, F.A.;McClure, F.A.;9593;;Merrill, E.D.;McClure, F.A.;recby_problem
5218;<NA>;<NA>;;;Kessler, P.;<NA>;recby_problem
5240;Lefèvre, E.;Lefèvre, E.;143;;<NA>;Lefèvre, E.;recby_problem
5269;van Beusekom, C.F.;van Beusekom, C.F.;455;;Kessler, P.;van Beusekom, C.F.;recby_problem
5275;van Beusekom, C.F.;van Beusekom, C.F.;45;;Kessler, P.;van Beusekom, C.F.;recby_problem
5278;<NA>;<NA>;;;<NA>;<NA>;recby_problem
5279;Gwynne Vaughan, D.T.;Gwynne Vaughan, D.T.;602;;<NA>;, D.T.;recby_problem
5282;<NA>;<NA>;;;<NA>;<NA>;recby_problem
5285;<NA>;<NA>;;;<NA>;<NA>;recby_problem
5287;<NA>;<NA>;;;<NA>;<NA>;recby_problem
5305;Bélanger;Bélanger;;;<NA>;Bélanger;recby_problem
5310;Celléry;Celléry;32;;Kessler;Celléry;recby_problem
5311;Celléry;Celléry;32;;Kessler, P.;Celléry;recby_problem
5313;van Beusekom, C.F.;van Beusekom, C.F.;3164;;<NA>;van Beusekom, C.F.;recby_problem
5315;van Beusekom, C.F.;van Beusekom, C.F.;;;<NA>;van Beusekom, C.F.;recby_problem
5318;Pasquier, du;Pasquier, du;1556;;Pételot;Pasquier, du;recby_problem
5319;Pételot;Pételot;1556 B;;<NA>;Pételot;recby_problem
5320;Pételot;Pételot;1016;;Pételot;Pételot;recby_problem
5333;Pételot;Pételot;5392;;Pételot;Pételot;recby_problem
5354;Revel-MacDonald, N.;Revel-MacDonald, N.;514;;<NA>;Revel-MacDonald, N.;recby_problem
5355;Revel-MacDonald, N.;Revel-MacDonald, N.;291;;<NA>;Revel-MacDonald, N.;recby_problem
5385;<NA>;<NA>;;;Kessler, P.;<NA>;recby_problem
5392;<NA>;<NA>;;;<NA>;<NA>;recby_problem
5393;<NA>;<NA>;;;<NA>;<NA>;recby_problem
5394;<NA>;<NA>;;;<NA>;<NA>;recby_problem
5437;McClure, F.A.;McClure, F.A.;8845;;Merrill, E.D.;McClure, F.A.;recby_problem
5442;Pételot;Pételot;8882;;Kessler, P.;Pételot;recby_problem
5452;<NA>;<NA>;;;van Setten, A.K.;<NA>;recby_problem
5524;Béjaud;Béjaud;105;;Kessler, P.;Béjaud;recby_problem
5525;<NA>;<NA>;;;Kessler, P.;<NA>;recby_problem
5534;Alleizette, C. d';Alleizette, C. d';;;van Heusden, E.C.H.;';recby_problem
5539;van Beusekom, C.F.;van Beusekom, C.F.;565;;Kessler, P.;van Beusekom, C.F.;recby_problem
5544;van Beusekom, C.F.;van Beusekom, C.F.;3894;;Kessler, P.;van Beusekom, C.F.;recby_problem
5554;Pételot;Pételot;5797;;Pételot;Pételot;recby_problem
5556;Pételot;Pételot;4862;;<NA>;Pételot;recby_problem
5557;Pételot;Pételot;4862;;Pételot;Pételot;recby_problem
5591;<NA>;<NA>;;;<NA>;<NA>;recby_problem
5594;van Beusekom, C.F.;van Beusekom, C.F.;3241;;Kessler, P.;van Beusekom, C.F.;recby_problem
5605;McClure, F.A.;McClure, F.A.;8976;;<NA>;McClure, F.A.;recby_problem
5608;McClure, F.A.;McClure, F.A.;8192;;Merrill, E.D.;McClure, F.A.;recby_problem
5643;Pételot;Pételot;1273;;Kessler, P.;Pételot;recby_problem
5647;<NA>;<NA>;;;<NA>;<NA>;recby_problem
5682;<NA>;<NA>;3752;;Theo et Boichard;<NA>;recby_problem
5683;<NA>;<NA>;3752;;Théo et Boichard;<NA>;recby_problem
5684;<NA>;<NA>;3752;;Theo et Boichard;<NA>;recby_problem
5711;<NA>;<NA>;;;Kessler, P.;<NA>;recby_problem
5722;Fénix, E.;Fénix, E.;15666;;Kessler, P.;Fénix, E.;recby_problem
5724;Edaño, G.;Edaño, G.;41683;;Kessler, P.;Edaño, G.;recby_problem
5728;van Balgooy;van Balgooy;6057;;van Balgooy;van Balgooy;recby_problem
5729;<NA>;<NA>;1155;;<NA>;<NA>;recby_problem
5744;van Beusekom, C.F.;van Beusekom, C.F.;1051;;Kessler, P.;van Beusekom, C.F.;recby_problem
5773;Nguyen Ngoc, J.;Nguyen Ngoc, J.;53;;<NA>;, J.;recby_problem
5776;Dông;Dông;104;;Evrard, F.;Dông;recby_problem
5798;<NA>;<NA>;;;<NA>;<NA>;recby_problem
5804;<NA>;<NA>;2429;;Kessler, P.;<NA>;recby_problem
5815;Lütjeharms, W.J.;Lütjeharms, W.J.;4357;;van Ooststroom et Lütjeharms;Lütjeharms, W.J.;recby_problem
5822;Phạm Hoàng Hộ;Phạm Hoàng Hộ;5029;;<NA>;Phạm Hoàng Hộ;recby_problem
5826;<NA>;<NA>;;;<NA>;<NA>;recby_problem
5837;McClure, F.A.;McClure, F.A.;9262;;<NA>;McClure, F.A.;recby_problem
5849;Calléry;Calléry;78;;<NA>;Calléry;recby_problem
5850;van Beusekom, C.F.;van Beusekom, C.F.;2882;;<NA>;van Beusekom, C.F.;recby_problem
5854;van Beusekom, C.F.;van Beusekom, C.F.;4350;;<NA>;van Beusekom, C.F.;recby_problem
5864;van Beusekom, C.F.;van Beusekom, C.F.;3273;;<NA>;van Beusekom, C.F.;recby_problem
5865;van Beusekom, C.F.;van Beusekom, C.F.;1305;;Kessler, P.;van Beusekom, C.F.;recby_problem
5874;Béjaud, M.;Béjaud, M.;332;;<NA>;Béjaud, M.;recby_problem
5883;Pételot;Pételot;5799;;Pételot;Pételot;recby_problem
5944;Lefèvre, E.;Lefèvre, E.;240;;<NA>;Lefèvre, E.;recby_problem
6019;<NA>;<NA>;;;<NA>;<NA>;recby_problem
6021;McClure, F.A.;McClure, F.A.;8316;;<NA>;McClure, F.A.;recby_problem
6026;<NA>;<NA>;;;<NA>;<NA>;recby_problem
6027;<NA>;<NA>;466;;<NA>;<NA>;recby_problem
6028;<NA>;<NA>;;;<NA>;<NA>;recby_problem
6029;McGregor, R.C.;McGregor, R.C.;18878;;<NA>;McGregor, R.C.;recby_problem
6031;Fénix, E.;Fénix, E.;;;<NA>;Fénix, E.;recby_problem
6037;Calléry;Calléry;;;<NA>;Calléry;recby_problem
6039;McGregor, R.C.;McGregor, R.C.;;;<NA>;McGregor, R.C.;recby_problem
6042;Langlassé, E.;Langlassé, E.;41;;<NA>;Langlassé, E.;recby_problem
6043;Langlassé, E.;Langlassé, E.;41;;<NA>;Langlassé, E.;recby_problem
6053;Göring;Göring;298;;<NA>;Göring;recby_problem
6056;<NA>;<NA>;4742;;Teo, L.E. & Tetu, J.C.;<NA>;recby_problem
6090;Alleizette, C. d';Alleizette, C. d';;;Rainer, H.;';recby_problem
6091;Langlassé, E.;Langlassé, E.;127;;<NA>;Langlassé, E.;recby_problem
6092;Langlassé, E.;Langlassé, E.;127;;<NA>;Langlassé, E.;recby_problem
6102;Macé;Macé;;;<NA>;Macé;recby_problem
6103;Alleizette, C. d';Alleizette, C. d';;;Alleizette, C. d';';recby_problem
6108;<NA>;<NA>;;;<NA>;<NA>;recby_problem
6109;<NA>;<NA>;127;;<NA>;<NA>;recby_problem
6110;<NA>;<NA>;;;<NA>;<NA>;recby_problem
6112;<NA>;<NA>;;;<NA>;<NA>;recby_problem
6114;<NA>;<NA>;;;<NA>;<NA>;recby_problem
6145;Spare, G.H;Spare, G.H;36049;;Henderson, M.R.;H;recby_problem
6188;<NA>;<NA>;27;;<NA>;<NA>;recby_problem
6189;<NA>;<NA>;;;<NA>;<NA>;recby_problem
6190;Müller;Müller;751;;Jovet-Ast, S.;Müller;recby_problem
6192;Pételot;Pételot;5799;;<NA>;Pételot;recby_problem
6195;<NA>;<NA>;16;;<NA>;<NA>;recby_problem
6205;de Vogel, E.F.;de Vogel, E.F.;6183;;<NA>;de Vogel, E.F.;recby_problem
6222;van Balgooy;van Balgooy;5911;;<NA>;van Balgooy;recby_problem
6287;Pételot;Pételot;4698;;<NA>;Pételot;recby_problem
6289;<NA>;<NA>;;;<NA>;<NA>;recby_problem
6311;<NA>;<NA>;;;<NA>;<NA>;recby_problem
6318;<NA>;<NA>;;;<NA>;<NA>;recby_problem
6367;<NA>;<NA>;;;<NA>;<NA>;recby_problem
6382;Pételot;Pételot;1928;;Pételot;Pételot;recby_problem
6387;McClure, F.A.;McClure, F.A.;8290;;Merrill, E.D.;McClure, F.A.;recby_problem
6424;Wehrlé;Wehrlé;2;;<NA>;Wehrlé;recby_problem
6428;Nguyen Ngoc, J.;Nguyen Ngoc, J.;54;;<NA>;, J.;recby_problem
6431;Daû;Daû;27;;Evrard, F.;Daû;recby_problem
6437;Wehrlé;Wehrlé;;;<NA>;Wehrlé;recby_problem
6445;<NA>;<NA>;;;<NA>;<NA>;recby_problem
6449;Incarville, P. d';Incarville, P. d';161;;Fries, R.E.;';recby_problem
6504;<NA>;<NA>;;;<NA>;<NA>;recby_problem
6546;<NA>;<NA>;;;<NA>;<NA>;recby_problem
6592;van Beusekom, C.F.;van Beusekom, C.F.;2876;;Chaowasku, T.;van Beusekom, C.F.;recby_problem
6645;van Beusekom, C.F.;van Beusekom, C.F.;2863;;Weerasooriya & Saunders;van Beusekom, C.F.;recby_problem
6718;McClure, F.A.;McClure, F.A.;20127;;Merrill, E.D.;McClure, F.A.;recby_problem
6741;van Beusekom, C.F.;van Beusekom, C.F.;2801;;Kessler;van Beusekom, C.F.;recby_problem
6742;van Beusekom, C.F.;van Beusekom, C.F.;562;;Kessler, P.;van Beusekom, C.F.;recby_problem
6743;van Beusekom, C.F.;van Beusekom, C.F.;634;;van Heusden, E.C.H.;van Beusekom, C.F.;recby_problem
6763;Béjaud;Béjaud;160;;Chaowasku, T.;Béjaud;recby_problem
6769;Pételot;Pételot;1817;;Chaowasku, T.;Pételot;recby_problem
6777;<NA>;<NA>;;;Kessler, P.;<NA>;recby_problem
6792;van Beusekom, C.F.;van Beusekom, C.F.;3700;;Chaowasku, T.;van Beusekom, C.F.;recby_problem
6793;van Beusekom, C.F.;van Beusekom, C.F.;1322;;Chaowasku, T.;van Beusekom, C.F.;recby_problem
6795;<NA>;<NA>;348;;Kessler, P.;<NA>;recby_problem
6796;<NA>;<NA>;348;;Kessler, P.;<NA>;recby_problem
6801;Müller;Müller;156;;Kessler, P.;Müller;recby_problem
6802;Pételot;Pételot;4863;;Pételot;Pételot;recby_problem
6803;Müller;Müller;2069;;Kessler, P.;Müller;recby_problem
6837;<NA>;<NA>;;;Pierre, L.;<NA>;recby_problem
6863;Nguyen Ngoc, J.;Nguyen Ngoc, J.;97;;<NA>;, J.;recby_problem
6870;Alleizette, C. d';Alleizette, C. d';;;Alleizette, C. d';';recby_problem
6885;van Beusekom, C.F.;van Beusekom, C.F.;1861;;Kessler;van Beusekom, C.F.;recby_problem
6892;de Wilde, W.J.J.O.;de Wilde, W.J.J.O.;19926;;<NA>;de Wilde, W.J.J.O.;recby_problem
6893;de Wilde, W.J.J.O.;de Wilde, W.J.J.O.;20834;;<NA>;de Wilde, W.J.J.O.;recby_problem
6943;Langlassé, E.;Langlassé, E.;41;;Hou, X.L.;Langlassé, E.;recby_problem
6945;Alleizette, C. d';Alleizette, C. d';;;Kessler, P.;';recby_problem
6951;<NA>;<NA>;;;<NA>;<NA>;recby_problem
6954;Pételot;Pételot;6324;;Kessler, P.;Pételot;recby_problem
6955;Pételot;Pételot;4864;;Hou, X. L.;Pételot;recby_problem
6956;Pételot;Pételot;6784;;Hou, X.L.;Pételot;recby_problem
6957;Pételot;Pételot;6780;;Hou, X.L.;Pételot;recby_problem
6971;Béjaud;Béjaud;47;;Deroin, T.;Béjaud;recby_problem
6987;<NA>;<NA>;;;<NA>;<NA>;recby_problem
6993;Orléans, H. d';Orléans, H. d';;;<NA>;Orléans, H. d';recby_problem
7014;Müller;Müller;475;;<NA>;Müller;recby_problem
7023;<NA>;<NA>;;;<NA>;<NA>;recby_problem
7040;<NA>;<NA>;;;<NA>;<NA>;recby_problem
7052;Pételot;Pételot;6057;;<NA>;Pételot;recby_problem
7068;Langlassé, E.;Langlassé, E.;41;;Kessler, P.;Langlassé, E.;recby_problem
7078;Brau de Saint Pol Lias;Brau de Saint Pol Lias;254;;Kessler, P.; Pol Lias;recby_problem
7079;Brau de Saint Pol Lias;Brau de Saint Pol Lias;254;;Kessler, P.; Pol Lias;recby_problem
7093;Lemarié;Lemarié;163;;van Heusden, E.C.H.;Lemarié;recby_problem
7098;van Beusekom, C.F.;van Beusekom, C.F.;208;;Chaowasku, T.;van Beusekom, C.F.;recby_problem
7111;van Beusekom, C.F.;van Beusekom, C.F.;3129;;Chaowasku, T.;van Beusekom, C.F.;recby_problem
7119;<NA>;<NA>;;;<NA>;<NA>;recby_problem
7120;Daû;Daû;48;;Rainer, H.;Daû;recby_problem
7122;Hiêp;Hiêp;442;;Ho, P.H.;Hiêp;recby_problem
7146;Pételot;Pételot;6780;;Kessler;Pételot;recby_problem
7148;Pételot;Pételot;6784;;van Heusden, E.C.H.;Pételot;recby_problem
7149;Müller, R.;Müller, R.;1791;;Meade, C.;Müller, R.;recby_problem
7180;Lütjeharms, W.J.;Lütjeharms, W.J.;4870;;<NA>;Lütjeharms, W.J.;recby_problem
7185;Bakhuizen van den Brink;Bakhuizen van den Brink;5074;;<NA>;Bakhuizen van den Brink;recby_problem
7205;Acuña, R.A.;Acuña, R.A.;23129;;<NA>;Acuña, R.A.;recby_problem
7209;McGregor, R.C.;McGregor, R.C.;14156;;<NA>;McGregor, R.C.;recby_problem
7214;<NA>;<NA>;;;Kessler, P.;<NA>;recby_problem
7215;<NA>;<NA>;;;Kessler, P.;<NA>;recby_problem
7279;Pételot;Pételot;4684;;Pételot;Pételot;recby_problem
7285;<NA>;<NA>;3752;;Theo et Boichard;<NA>;recby_problem
7294;Pételot;Pételot;1928;;Pételot;Pételot;recby_problem
7367;Pételot;Pételot;7601;;<NA>;Pételot;recby_problem
7385;Pételot;Pételot;4859;;<NA>;Pételot;recby_problem
7395;Bélanger;Bélanger;;;<NA>;Bélanger;recby_problem
7399;Alleizette, C. d';Alleizette, C. d';;;<NA>;';recby_problem
7469;<NA>;<NA>;;;<NA>;<NA>;recby_problem
7475;van Beusekom, C.F.;van Beusekom, C.F.;369;;van Setten, A.K.;van Beusekom, C.F.;recby_problem
7504;van Beusekom, C.F.;van Beusekom, C.F.;2120;;Kessler, P.;van Beusekom, C.F.;recby_problem
7521;<NA>;<NA>;;;<NA>;<NA>;recby_problem
7545;<NA>;<NA>;;;<NA>;<NA>;recby_problem
7569;Müller;Müller;1968;;Kessler, P.;Müller;recby_problem
7582;Pételot;Pételot;5392;;Hou, X.L.;Pételot;recby_problem
7585;Pételot;Pételot;6329;;Hou, X.L.;Pételot;recby_problem
7590;Pételot;Pételot;1016;;Hou, X.L.;Pételot;recby_problem
7593;Pételot;Pételot;5798;;<NA>;Pételot;recby_problem
7608;van Beusekom, C.F.;van Beusekom, C.F.;2116;;Kessler, P.;van Beusekom, C.F.;recby_problem
7612;van Beusekom, C.F.;van Beusekom, C.F.;485;;Kessler, P.;van Beusekom, C.F.;recby_problem
7615;van Beusekom, C.F.;van Beusekom, C.F.;4126;;Kessler, P.;van Beusekom, C.F.;recby_problem
7663;Siméon-Tén;Siméon-Tén;;;Kessler, P.;Siméon-Tén;recby_problem
7665;Pételot;Pételot;4863;;<NA>;Pételot;recby_problem
7666;Pételot;Pételot;4863;;Kessler, P.;Pételot;recby_problem
7670;Pételot;Pételot;6736;;<NA>;Pételot;recby_problem
7675;de Wilde, W.J.J.O.;de Wilde, W.J.J.O.;18894;;<NA>;de Wilde, W.J.J.O.;recby_problem
7676;de Wilde, W.J.J.O.;de Wilde, W.J.J.O.;19396;;<NA>;de Wilde, W.J.J.O.;recby_problem
7677;de Wilde, W.J.J.O.;de Wilde, W.J.J.O.;18881;;<NA>;de Wilde, W.J.J.O.;recby_problem
7678;[Thomas, P.];[Thomas, P.];21;;<NA>;[Thomas, P.];recby_problem
7682;de Wilde, W.J.J.O.;de Wilde, W.J.J.O.;18733;;<NA>;de Wilde, W.J.J.O.;recby_problem
7684;de Wilde, W.J.J.O.;de Wilde, W.J.J.O.;18553;;<NA>;de Wilde, W.J.J.O.;recby_problem
7685;de Wilde, W.J.J.O.;de Wilde, W.J.J.O.;18746;;<NA>;de Wilde, W.J.J.O.;recby_problem
7704;Kamphövener;Kamphövener;2380;;<NA>;Kamphövener;recby_problem
7729;Calléry;Calléry;;;Kessler, P.;Calléry;recby_problem
7730;Calléry;Calléry;23 bis;;Kessler, P.;Calléry;recby_problem
7739;<NA>;<NA>;851;;<NA>;<NA>;recby_problem
7759;<NA>;<NA>;;;<NA>;<NA>;recby_problem
7786;<NA>;<NA>;1267;;<NA>;<NA>;recby_problem
7840;Pételot;Pételot;8647;;<NA>;Pételot;recby_problem
7864;Béjaud;Béjaud;179;;Wang, J.;Béjaud;recby_problem
7876;Pételot;Pételot;4851;;Hou, X.L.;Pételot;recby_problem
7894;<NA>;<NA>;226;;Hou, X.L.;<NA>;recby_problem
7917;van Beusekom, C.F.;van Beusekom, C.F.;3126;;Kessler, P.;van Beusekom, C.F.;recby_problem
7933;<NA>;<NA>;;;<NA>;<NA>;recby_problem
7940;Pételot;Pételot;6736;;<NA>;Pételot;recby_problem
7976;van Beusekom, C.F.;van Beusekom, C.F.;2807;;Chaowasku, T.;van Beusekom, C.F.;recby_problem
7984;<NA>;<NA>;;;<NA>;<NA>;recby_problem
7986;<NA>;<NA>;;;<NA>;<NA>;recby_problem
7992;<NA>;<NA>;;;<NA>;<NA>;recby_problem
7993;<NA>;<NA>;;;<NA>;<NA>;recby_problem
7995;<NA>;<NA>;;;<NA>;<NA>;recby_problem
8006;<NA>;<NA>;13638;;Chaowasku, T.;<NA>;recby_problem
8024;<NA>;<NA>;bb 28789;;Sinclair, J.;<NA>;recby_problem
8033;<NA>;<NA>;997;;<NA>;<NA>;recby_problem
8069;Edaño, G.;Edaño, G.;46011;;<NA>;Edaño, G.;recby_problem
8076;Edaño, G.;Edaño, G.;41668;;<NA>;Edaño, G.;recby_problem
8087;Bünnemeyer;Bünnemeyer;1953;;Smith, J.J.;Bünnemeyer;recby_problem
8105;van Beusekom, C.F.;van Beusekom, C.F.;2756;;Kessler, P.;van Beusekom, C.F.;recby_problem
8106;van Beusekom, C.F.;van Beusekom, C.F.;451;;Kessler, P.;van Beusekom, C.F.;recby_problem
8129;Müller;Müller;140;;Kessler, P.;Müller;recby_problem
8130;Müller;Müller;498;;Kessler, P.;Müller;recby_problem
8131;Müller, R.;Müller, R.;1063;;Kessler, P.;Müller, R.;recby_problem
8146;Orléans, H. d';Orléans, H. d';;;Deroin, T.;Orléans, H. d';recby_problem
8147;Orléans, H. d';Orléans, H. d';;;Deroin, T.;Orléans, H. d';recby_problem
8148;Orléans, H. d';Orléans, H. d';;;Deroin, T.;Orléans, H. d';recby_problem
8149;Orléans, H. d';Orléans, H. d';;;Deroin, T.;Orléans, H. d';recby_problem
8152;<NA>;<NA>;;;<NA>;<NA>;recby_problem
8164;<NA>;<NA>;1632;;<NA>;<NA>;recby_problem
8295;<NA>;<NA>;;;<NA>;<NA>;recby_problem
39;Colani, E;Colani, E.;3201;Pételot;Pételot;detby_problem;Pételot
47;Poilane;Poilane;2963;Jovet-Ast;Jovet-Ast;detby_problem;Jovet-Ast
194;Hooker, JD;Hooker, J.D.;;Hooker, J.D. & Thomson, T.;Hooker, J.D. & Thomson, T.;detby_problem;homson, T.
307;Larsen, K;Larsen, K.;31280;Larsen, K. & Larsen, S.S.;Larsen, K. & Larsen, S.S.;detby_problem;S.
367;Thwaites;Thwaites;1045;van Setten, A.K.;van Setten, A.K.;detby_problem;van Setten, A.K.
382;Poilane;Poilane;25727;van den Brink, E.C.;van den Brink, E.C.;detby_problem;van den Brink, E.C.
383;Eberhardt;Eberhardt;2496;van den Brink, E.C.;van den Brink, E.C.;detby_problem;van den Brink, E.C.
399;Poilane, E;Poilane, E.;27210;Jovet-Ast, S.;Jovet-Ast, S.;detby_problem;Jovet-Ast, S.
465;Poilane;Poilane;9299;Jovet-Ast, S.;Jovet-Ast, S.;detby_problem;Jovet-Ast, S.
468;Poilane;Poilane;27128;van den Brink, E.C.;van den Brink, E.C.;detby_problem;van den Brink, E.C.
477;Eberhardt;Eberhardt;2707;Brink, E.C. van den;Brink, E.C. van den;detby_problem;C. van den
481;Poilane;Poilane;10259;van den Brink, E.C.;van den Brink, E.C.;detby_problem;van den Brink, E.C.
532;Poilane, E;Poilane, E.;27489;Jovet-Ast, S.;Jovet-Ast, S.;detby_problem;Jovet-Ast, S.
574;Maxwell, JF;Maxwell, J.F.;91 765;van den Brink, E.C.;van den Brink, E.C.;detby_problem;van den Brink, E.C.
579;Poilane;Poilane;15272;van den Brink, E.C.;van den Brink, E.C.;detby_problem;van den Brink, E.C.
581;Wallich;Wallich;531;van den Brink, E.C.;van den Brink, E.C.;detby_problem;van den Brink, E.C.
584;Harmand;Harmand;;van den Brink, E.C.;van den Brink, E.C.;detby_problem;van den Brink, E.C.
588;Thorel;Thorel;1262;van den Brink, E.C.;van den Brink, E.C.;detby_problem;van den Brink, E.C.
747;Colani, E;Colani, E.;3201;Pételot;Pételot;detby_problem;Pételot
837;Schmid, M;Schmid, M.;;van Heusden, E.C.H.;van Heusden, E.C.H.;detby_problem;van Heusden, E.C.H.
862;Clemens, J;Clemens, J.;3150;Clemens, J. & Clemens, M.S.;Clemens, J. & Clemens, M.S.;detby_problem;S.
916;Colani, E;Colani, E.;5801;Pételot;Pételot;detby_problem;Pételot
992;Bon;Bon;5367;van Heusden, E.C.H.;van Heusden, E.C.H.;detby_problem;van Heusden, E.C.H.
1078;David, B;David, B.;;van Setten, A.K.;van Setten, A.K.;detby_problem;van Setten, A.K.
1079;David, B;David, B.;158;van Heusden, E.C.H.;van Heusden, E.C.H.;detby_problem;van Heusden, E.C.H.
1090;Harmand, J;Harmand, J.;614;van Heusden, E.C.H.;van Heusden, E.C.H.;detby_problem;van Heusden, E.C.H.
1091;Harmand, J;Harmand, J.;614;van Heusden, E.C.H.;van Heusden, E.C.H.;detby_problem;van Heusden, E.C.H.
1092;Hiep;Hiep;156;van Heusden, E.C.H.;van Heusden, E.C.H.;detby_problem;van Heusden, E.C.H.
1094;Hiep;Hiep;859;van Heusden, E.C.H.;van Heusden, E.C.H.;detby_problem;van Heusden, E.C.H.
1095;Hiep;Hiep;859;van Heusden, E.C.H.;van Heusden, E.C.H.;detby_problem;van Heusden, E.C.H.
1102;Pierre, L;Pierre, L.;616 A;van Heusden, E.C.H.;van Heusden, E.C.H.;detby_problem;van Heusden, E.C.H.
1103;Pierre, L;Pierre, L.;1748 A;van Heusden, E.C.H.;van Heusden, E.C.H.;detby_problem;van Heusden, E.C.H.
1104;Pierre, L;Pierre, L.;1748;van Heusden, E.C.H.;van Heusden, E.C.H.;detby_problem;van Heusden, E.C.H.
1131;Elmer, ADE;Elmer, A.D.E.;17933;van Setten, A.K.;van Setten, A.K.;detby_problem;van Setten, A.K.
1176;Pierre, L;Pierre, L.;2061;Van Heusden, E.C.H.;Van Heusden, E.C.H.;detby_problem;, E.C.H.
1178;Poilane;Poilane;15288;van Heusden, E.C.H.;van Heusden, E.C.H.;detby_problem;van Heusden, E.C.H.
1181;Poilane, E;Poilane, E.;17573;van Heusden, E.C.H.;van Heusden, E.C.H.;detby_problem;van Heusden, E.C.H.
1182;Vidal, JE;Vidal, J.E.;5034;van Heusden, E.C.H.;van Heusden, E.C.H.;detby_problem;van Heusden, E.C.H.
1184;Law;Law;;van Heusden, E.C.H.;van Heusden, E.C.H.;detby_problem;van Heusden, E.C.H.
1185;Stocks;Stocks;1005;van Heusden, E.C.H.;van Heusden, E.C.H.;detby_problem;van Heusden, E.C.H.
1186;Thwaites;Thwaites;2702;van Heudsen, E.C.H.;van Heudsen, E.C.H.;detby_problem;van Heudsen, E.C.H.
1198;Ramos, M;Ramos, M.;1683;van Heusden, E.C.H.;van Heusden, E.C.H.;detby_problem;van Heusden, E.C.H.
1199;Kostermans, A;Kostermans, A.;4856;van Heusden, E.C.H.;van Heusden, E.C.H.;detby_problem;van Heusden, E.C.H.
1200;Kostermans;Kostermans;4891;van Heusden, E.C.H.;van Heusden, E.C.H.;detby_problem;van Heusden, E.C.H.
1201;Kostermans;Kostermans;6811;van Heusden, E.C.H.;van Heusden, E.C.H.;detby_problem;van Heusden, E.C.H.
1202;Kostermans, A;Kostermans, A.;9776;van Heusden, E.C.H.;van Heusden, E.C.H.;detby_problem;van Heusden, E.C.H.
1205;Geesink, R;Geesink, R.;7323;van Heusden, E.C.H.;van Heusden, E.C.H.;detby_problem;van Heusden, E.C.H.
1206;Poilane;Poilane;3277;van Heudsen, E.C.H.;van Heudsen, E.C.H.;detby_problem;van Heudsen, E.C.H.
1207;Poilane, E;Poilane, E.;6304;van Heusden, E.C.H.;van Heusden, E.C.H.;detby_problem;van Heusden, E.C.H.
1269;Elmer, ADE;Elmer, A.D.E.;14184;van Setten, A.K.;van Setten, A.K.;detby_problem;van Setten, A.K.
1271;Elmer, ADE;Elmer, A.D.E.;20423;van Setten, A.K.;van Setten, A.K.;detby_problem;van Setten, A.K.
1277;Poilane;Poilane;6304;van Heusden, E.C.H.;van Heusden, E.C.H.;detby_problem;van Heusden, E.C.H.
1278;Poilane, E;Poilane, E.;6304;van Heusden, E.C.H.;van Heusden, E.C.H.;detby_problem;van Heusden, E.C.H.
1280;Blume;Blume;;Van Heusden, E.C.H.;Van Heusden, E.C.H.;detby_problem;, E.C.H.
1281;Zollinger;Zollinger;3033;van Heusden, E.C.H.;van Heusden, E.C.H.;detby_problem;van Heusden, E.C.H.
1331;Lecomte;Lecomte,;1124;van Setten, A.K.;van Setten, A.K.;detby_problem;van Setten, A.K.
1344;Hooker, JD;Hooker, J.D.;;van Heusden, E.C.H.;van Heusden, E.C.H.;detby_problem;van Heusden, E.C.H.
1345;David, B;David, B.;216;Van Heusden, E.C.H.;Van Heusden, E.C.H.;detby_problem;, E.C.H.
1346;David, B;David, B.;216;van Heusden, E.C.H.;van Heusden, E.C.H.;detby_problem;van Heusden, E.C.H.
1347;David, B;David, B.;216;van Heusden, E.C.H.;van Heusden, E.C.H.;detby_problem;van Heusden, E.C.H.
1348;King;King;;van Heusden, E.C.H.;van Heusden, E.C.H.;detby_problem;van Heusden, E.C.H.
1349;Balansa, B;Balansa, B.;1477;van Heusden, E.C.H.;van Heusden, E.C.H.;detby_problem;van Heusden, E.C.H.
1351;Balansa, B;Balansa, B.;4187;van Heusden, E.C.H.;van Heusden, E.C.H.;detby_problem;van Heusden, E.C.H.
1352;Balansa, B;Balansa, B.;4188;van Heusden, E.C.H.;van Heusden, E.C.H.;detby_problem;van Heusden, E.C.H.
1353;Balansa, B;Balansa, B.;4188;van Heusden, E.C.H.;van Heusden, E.C.H.;detby_problem;van Heusden, E.C.H.
1354;Balansa, B;Balansa, B.;4189;van Heusden, E.C.H.;van Heusden, E.C.H.;detby_problem;van Heusden, E.C.H.
1355;Balansa, B;Balansa, B.;4189;van Heusden, E.C.H.;van Heusden, E.C.H.;detby_problem;van Heusden, E.C.H.
1358;Balansa, B;Balansa, B.;4190;van Heusden, E.C.H.;van Heusden, E.C.H.;detby_problem;van Heusden, E.C.H.
1361;Kerr, AFG;Kerr, A.F.G.;20858;van Heusden, E.C.H.;van Heusden, E.C.H.;detby_problem;van Heusden, E.C.H.
1367;How, FC;How, F.C.;70749;van Heusden, E.C.H.;van Heusden, E.C.H.;detby_problem;van Heusden, E.C.H.
1369;How, FC;How, F.C.;73325;van Heusden, E.C.H.;van Heusden, E.C.H.;detby_problem;van Heusden, E.C.H.
1370;Wang, C;Wang, C.;32951;Van Heusden, E.C.H.;Van Heusden, E.C.H.;detby_problem;, E.C.H.
1372;Kiah;Kiah;35170;van Setten, A.K.;van Setten, A.K.;detby_problem;van Setten, A.K.
1374;King;King;5302;van Heusden, E.C.H.;van Heusden, E.C.H.;detby_problem;van Heusden, E.C.H.
1377;Robinson, HC;Robinson, H.C.;;van Heusden, E.C.H.;van Heusden, E.C.H.;detby_problem;van Heusden, E.C.H.
1440;Turner, H;Turner, H.;94;Kessler, P. & Jessup;Kessler, P. & Jessup;detby_problem;Jessup
1445;David, B;David, B.;233;van Heusden, E.C.H.;van Heusden, E.C.H.;detby_problem;van Heusden, E.C.H.
1446;David, B;David, B.;233;van Heusden, E.C.H.;van Heusden, E.C.H.;detby_problem;van Heusden, E.C.H.
1448;Deverre;Deverre;209;van Heusden, E.C.H.;van Heusden, E.C.H.;detby_problem;van Heusden, E.C.H.
1450;Blume;Blume;;van Setten, A.K.;van Setten, A.K.;detby_problem;van Setten, A.K.
1451;Blume;Blume;;van Setten, A.K.;van Setten, A.K.;detby_problem;van Setten, A.K.
1452;Kostermans;Kostermans;;van Heusden, E.C.H.;van Heusden, E.C.H.;detby_problem;van Heusden, E.C.H.
1454;Pierre, L;Pierre, L.;;van Setten, A.K.;van Setten, A.K.;detby_problem;van Setten, A.K.
1456;Soepadmo;Soepadmo;291;van Heusden, E.C.H.;van Heusden, E.C.H.;detby_problem;van Heusden, E.C.H.
1542;Hooker, JD;Hooker, J.D.;1010;Hooker, J.D. & Thomson, T.;Hooker, J.D. & Thomson, T.;detby_problem;homson, T.
1545;Hooker, JD;Hooker, J.D.;;Hooker, J.D. & Thomson, T.;Hooker, J.D. & Thomson, T.;detby_problem;homson, T.
1674;Schaller, H;Schaller, H.;3800;Schaller, H. & Teo, L.E.;Schaller, H. & Teo, L.E.;detby_problem;E.
1730;Arifin;Arifin;1702;Arifin, Ambri, Arbainsyah & Kessler;Arifin, Ambri, Arbainsyah & Kessler;detby_problem;, Arbainsyah & Kessler
1742;Schaller, H;Schaller, H.;3800;Schaller, H. & Teo, L.E.;Schaller, H. & Teo, L.E.;detby_problem;E.
1751;Schaller, H;Schaller, H.;3907;Schaller, H. & Teo, L.E.;Schaller, H. & Teo, L.E.;detby_problem;E.
1817;Kerr;Kerr;7205;van Setten, A.K.;van Setten, A.K.;detby_problem;van Setten, A.K.
1837;Schaller, H;Schaller, H.;3824;Schaller, H. & Teo, L.E.;Schaller, H. & Teo, L.E.;detby_problem;E.
1839;Schaller, H;Schaller, H.;3879;Schaller, H. & Teo, L.E.;Schaller, H. & Teo, L.E.;detby_problem;E.
1840;Schaller, H;Schaller, H.;3878;Schaller, H. & Teo, L.E.;Schaller, H. & Teo, L.E.;detby_problem;E.
1841;Schaller, H;Schaller, H.;3827;Schaller, H. & Teo, L.E.;Schaller, H. & Teo, L.E.;detby_problem;E.
1842;Schaller, H;Schaller, H.;3827;Schaller, H. & Teo, L.E.;Schaller, H. & Teo, L.E.;detby_problem;E.
1876;Kostermans, A;Kostermans, A.;1251;van Setten, A.K.;van Setten, A.K.;detby_problem;van Setten, A.K.
2049;Counillon;Counillon;;van Heusden, E.C.H.;van Heusden, E.C.H.;detby_problem;van Heusden, E.C.H.
2050;Poilane, E;Poilane, E.;17565;van Heusden, E.C.H.;van Heusden, E.C.H.;detby_problem;van Heusden, E.C.H.
2051;Kerr, AFG;Kerr, A.F.G.;636;Van Heusden, E.C.H.;Van Heusden, E.C.H.;detby_problem;, E.C.H.
2053;Larsen, K;Larsen, K.;31688;Larsen, K. et Larsen, S.S.;Larsen, K. et Larsen, S.S.;detby_problem; Larsen, S.S.
2055;Geesink, R;Geesink, R.;5835;van Setten, A.K.;van Setten, A.K.;detby_problem;van Setten, A.K.
2056;Thorel;Thorel;2193;van Heusden, E.C.H.;van Heusden, E.C.H.;detby_problem;van Heusden, E.C.H.
2155;Elmer, ADE;Elmer, A.D.E.;12565;van Setten, A.K.;van Setten, A.K.;detby_problem;van Setten, A.K.
2175;Perromat, G;Perromat, G.;4400;Teo, L.E. & Perromat, G.;Teo, L.E. & Perromat, G.;detby_problem;erromat, G.
2187;Perromat, G;Perromat, G.;4387;Teo, L.E. & Perromat, G.;Teo, L.E. & Perromat, G.;detby_problem;erromat, G.
2195;Ramos, M;Ramos, M.;36767;Le Thomas, A.;Le Thomas, A.;detby_problem;, A.
2270;David, B;David, B.;120;van Setten, A.K.;van Setten, A.K.;detby_problem;van Setten, A.K.
2273;Charoenphol, C;Charoenphol, C.;3498;van Heusden, E.C.H.;van Heusden, E.C.H.;detby_problem;van Heusden, E.C.H.
2274;David, B;David, B.;114;van Setten, A.K.;van Setten, A.K.;detby_problem;van Setten, A.K.
2309;Kostermans;Kostermans;24916;van Setten, A.K.;van Setten, A.K.;detby_problem;van Setten, A.K.
2310;Kostermans, AJ;Kostermans, A.J.;24580;van Setten, A.K.;van Setten, A.K.;detby_problem;van Setten, A.K.
2340;Koonkhunthod, N;Koonkhunthod, N.;360;Koonkhunthod, N. et Johnson, D.M.;Koonkhunthod, N. et Johnson, D.M.;detby_problem; Johnson, D.M.
2343;Koonkhunthod, N;Koonkhunthod, N.;359;Koonkhunthod, N. et Johnson, D.M.;Koonkhunthod, N. et Johnson, D.M.;detby_problem; Johnson, D.M.
2393;Dournes, J;Dournes, J.;;Doré;Doré;detby_problem;Doré
2472;King;King;7829;van Setten, A.K.;van Setten, A.K.;detby_problem;van Setten, A.K.
2555;Achmad;Achmad;1629;Bakhuizen van den Brink;Bakhuizen van den Brink;detby_problem;Bakhuizen van den Brink
2556;Achmad;Achmad;871;Bakhuizen van den Brink;Bakhuizen van den Brink;detby_problem;Bakhuizen van den Brink
2828;Fleury, F;Fleury, F.;30146;Jovet-Ast, S.;Jovet-Ast, S.;detby_problem;Jovet-Ast, S.
2855;David, B;David, B.;225;van Setten, A.K.;van Setten, A.K.;detby_problem;van Setten, A.K.
2856;David, B;David, B.;119;van Setten, A.K.;van Setten, A.K.;detby_problem;van Setten, A.K.
2858;Ramos, M;Ramos, M.;22063;van Setten, A.K.;van Setten, A.K.;detby_problem;van Setten, A.K.
2859;David, B;David, B.;17;van Setten, A.K.;van Setten, A.K.;detby_problem;van Setten, A.K.
2871;David, B;David, B.;29;van Setten, A.K.;van Setten, A.K.;detby_problem;van Setten, A.K.
2872;David, B;David, B.;18;van Setten, A.K.;van Setten, A.K.;detby_problem;van Setten, A.K.
2956;Hooker, JD;Hooker, J.D.;;Hooker, J.D. & Thomson, T.;Hooker, J.D. & Thomson, T.;detby_problem;homson, T.
3013;Geesink, R;Geesink, R.;7224;van Setten, A.K.;van Setten, A.K.;detby_problem;van Setten, A.K.
3055;Zollinger;Zollinger;1144;van Steenis, C.G.G.J.;van Steenis, C.G.G.J.;detby_problem;van Steenis, C.G.G.J.
3231;Soejarto, DD;Soejarto, D.D.;13434;Bien, L.K. et Hiep,N.T. et Loc, P.K. et Binh, N.Q.;Bien, L.K. et Hiep,N.T. et Loc, P.K. et Binh, N.Q.;detby_problem;,N.T. et Loc, P.K. et Binh, N.Q.
3232;Soejarto, DD;Soejarto, D.D.;13411;Bien, L.K. & Hiep, N.T. & Loc, P.K. & Binh, N.Q.;Bien, L.K. & Hiep, N.T. & Loc, P.K. & Binh, N.Q.;detby_problem;iep, N.T. & Loc, P.K. & Binh, N.Q.
3234;Soejarto, DD;Soejarto, D.D.;13746;"Hien, N.H.; Hiep, N.T.; Loc, P.K.; Bien, L.K.";"Hien, N.H.; Hiep, N.T.; Loc, P.K.; Bien, L.K.";detby_problem;"iep, N.T.; Loc, P.K.; Bien, L.K."
3433;Schaller, H;Schaller, H.;3790;Schaller, H. & Teo, L.E.;Schaller, H. & Teo, L.E.;detby_problem;E.
3440;Schaller, H;Schaller, H.;3790;Schaller, H. & Teo, L.E.;Schaller, H. & Teo, L.E.;detby_problem;E.
3450;Arifin, Z;Arifin, Z.;1765;Arifin, Z. & Arbainsyah;Arifin, Z. & Arbainsyah;detby_problem;Arbainsyah
3476;Schaller, H;Schaller, H.;3866;Schaller, H. & Teo, L.E.;Schaller, H. & Teo, L.E.;detby_problem;E.
3477;Schaller, H;Schaller, H.;3866;Schaller, H. & Teo, L.E.;Schaller, H. & Teo, L.E.;detby_problem;E.
3478;Schaller, H;Schaller, H.;3916;Schaller, H. & Teo, L.E.;Schaller, H. & Teo, L.E.;detby_problem;E.
3600;Soejarto, DD;Soejarto, D.D.;14270;Soejarto, D.D. & Ninh, T.N.;Soejarto, D.D. & Ninh, T.N.;detby_problem;inh, T.N.
3669;Ambriansyah;Ambriansyah;1661;Ambriansyah, Arbainsyah et Kessler;Ambriansyah, Arbainsyah et Kessler;detby_problem; Kessler
3783;Schaller, H;Schaller, H.;3916;Schaller, H. & Teo, L.E.;Schaller, H. & Teo, L.E.;detby_problem;E.
3787;Schaller, H;Schaller, H.;3849;Schaller, H. & Teo, L.E.;Schaller, H. & Teo, L.E.;detby_problem;E.
3788;Schaller, H;Schaller, H.;3849;Schaller, H. & Teo, L.E.;Schaller, H. & Teo, L.E.;detby_problem;E.
4112;Poilane;Poilane;7906;van Heudsen, E.C.H.;van Heudsen, E.C.H.;detby_problem;van Heudsen, E.C.H.
4114;Schmid;Schmid;;Kessler, P. & Jessup;Kessler, P. & Jessup;detby_problem;Jessup
4124;Ambriansyah;Ambriansyah;W 432;van Balgooy;van Balgooy;detby_problem;van Balgooy
4176;Zollinger;Zollinger;3033;van Heusden, E.C.H.;van Heusden, E.C.H.;detby_problem;van Heusden, E.C.H.
4177;Zollinger;Zollinger;3033;van Heusden, E.C.H.;van Heusden, E.C.H.;detby_problem;van Heusden, E.C.H.
4260;Soejarto, DD;Soejarto, D.D.;13632;Ninh, T.N. & Soejarto, D.D.;Ninh, T.N. & Soejarto, D.D.;detby_problem;oejarto, D.D.
4261;Soejarto, DD;Soejarto, D.D.;13656;Soejarto, D.D. & Ninh, T.N.;Soejarto, D.D. & Ninh, T.N.;detby_problem;inh, T.N.
4265;Soejarto, DD;Soejarto, D.D.;13674;Soejarto, D.D. & Ninh, T.N.;Soejarto, D.D. & Ninh, T.N.;detby_problem;inh, T.N.
4268;Soejarto, DD;Soejarto, D.D.;13596;Soejarto, D.D. & Ninh, T.N.;Soejarto, D.D. & Ninh, T.N.;detby_problem;inh, T.N.
4294;Sonnerat;Sonnerat;216;van Setten, A.K.;van Setten, A.K.;detby_problem;van Setten, A.K.
4340;Ramos, M;Ramos, M.;1873;Maas, P.J.M. & Westra, L.Y.T.;Maas, P.J.M. & Westra, L.Y.T.;detby_problem;estra, L.Y.T.
4341;Merrill, ED;Merrill, E.D.;3136;Maas, P.J.M. et Westra, L.Y.T.;Maas, P.J.M. et Westra, L.Y.T.;detby_problem;et Westra, L.Y.T.
4342;Robinson, CB;Robinson, C.B.;9725;Maas, P.J.M. & Westra, L.Y.T.;Maas, P.J.M. & Westra, L.Y.T.;detby_problem;estra, L.Y.T.
4346;Elmer, ADE;Elmer, A.D.E.;16544;Maas, P.J.M. & Westra, L.Y.T.;Maas, P.J.M. & Westra, L.Y.T.;detby_problem;estra, L.Y.T.
4347;Elmer, ADE;Elmer, A.D.E.;17739;Maas, P.J.M. et Westra, L.Y.T.;Maas, P.J.M. et Westra, L.Y.T.;detby_problem;et Westra, L.Y.T.
4350;Callery;Callery;8;van Benthem, F.DJ.;van Benthem, F.DJ.;detby_problem;van Benthem, F.DJ.
4432;Weber, JF;Weber, J.F.;58;Weber, J.F. et Sévenet, T.;Weber, J.F. et Sévenet, T.;detby_problem;F. et Sévenet, T.
4434;Elmer, ADE;Elmer, A.D.E.;21203;van Heusden, E.C.H.;van Heusden, E.C.H.;detby_problem;van Heusden, E.C.H.
4436;Elmer, ADE;Elmer, A.D.E.;15555;van Heusden, E.C.H.;van Heusden, E.C.H.;detby_problem;van Heusden, E.C.H.
4438;Elmer, ADE;Elmer, A.D.E.;15321;Van Heusden, E.C.H.;Van Heusden, E.C.H.;detby_problem;, E.C.H.
4445;David, B;David, B.;110;van Heusden, E.C.H.;van Heusden, E.C.H.;detby_problem;van Heusden, E.C.H.
4447;Elmer, ADE;Elmer, A.D.E.;15399;Van Heusden, E.C.H.;Van Heusden, E.C.H.;detby_problem;, E.C.H.
4540;Poilane, E;Poilane, E.;19001;van Setten, A.K.;van Setten, A.K.;detby_problem;van Setten, A.K.
4595;Elmer, ADE;Elmer, A.D.E.;11318;van Heudsen, E.C.H.;van Heudsen, E.C.H.;detby_problem;van Heudsen, E.C.H.
4633;Geesink, R;Geesink, R.;6608;van Setten, A.K.;van Setten, A.K.;detby_problem;van Setten, A.K.
4667;Vidal, JE;Vidal, J.E.;4957;van Benthem, F.D.J.;van Benthem, F.D.J.;detby_problem;van Benthem, F.D.J.
4668;Evrard, F;Evrard, F.;731;Maas, P.J.M. & Westra, L.Y.T.;Maas, P.J.M. & Westra, L.Y.T.;detby_problem;estra, L.Y.T.
4669;Harmand;Harmand;778;van Benthem, F.DJ.;van Benthem, F.DJ.;detby_problem;van Benthem, F.DJ.
4670;Poilane, E;Poilane, E.;11946;Maas, P.J.M. & Westra, L.Y.T.;Maas, P.J.M. & Westra, L.Y.T.;detby_problem;estra, L.Y.T.
4671;King;King;;Maas, P.J.M. & Westra, L.Y.T.;Maas, P.J.M. & Westra, L.Y.T.;detby_problem;estra, L.Y.T.
4672;Pierre, L;Pierre, L.;600;van Benthem, F.D.J.;van Benthem, F.D.J.;detby_problem;van Benthem, F.D.J.
4673;Harmand;Harmand;600;Maas, P.J.M. & Westra, L.Y.T.;Maas, P.J.M. & Westra, L.Y.T.;detby_problem;estra, L.Y.T.
4674;Pierre, L;Pierre, L.;600;Maas, P.J.M. et Westra, L.Y.T.;Maas, P.J.M. et Westra, L.Y.T.;detby_problem;et Westra, L.Y.T.
4676;Pierre, L;Pierre, L.;600;Maas, P.J.M. et Westra, L.Y.T.;Maas, P.J.M. et Westra, L.Y.T.;detby_problem;et Westra, L.Y.T.
4679;Pierre, L;Pierre, L.;1793;Maas, P.J.M. & Westra, L.Y.T.;Maas, P.J.M. & Westra, L.Y.T.;detby_problem;estra, L.Y.T.
4680;Pierre, L;Pierre, L.;1793;Maas, P.J.M. & Westra, L.Y.T.;Maas, P.J.M. & Westra, L.Y.T.;detby_problem;estra, L.Y.T.
4682;Geesink, R;Geesink, R.;7176;Maas, P.J.M. & van Setten, A.K.;Maas, P.J.M. & van Setten, A.K.;detby_problem;van Setten, A.K.
4683;Thwaites;Thwaites;3883;van Benthem, F.D.J.;van Benthem, F.D.J.;detby_problem;van Benthem, F.D.J.
4684;Kurz, S;Kurz, S.;;Maas, P.J.M. & Westra, L.Y.T.;Maas, P.J.M. & Westra, L.Y.T.;detby_problem;estra, L.Y.T.
4685;Thwaites;Thwaites;3883;Maas, P.J.M. & Westra, L.Y.T.;Maas, P.J.M. & Westra, L.Y.T.;detby_problem;estra, L.Y.T.
4686;Kerr, AFG;Kerr, A.F.G.;6041;Maas, P.J.M. & Westra, L.Y.T.;Maas, P.J.M. & Westra, L.Y.T.;detby_problem;estra, L.Y.T.
4687;Kerr;Kerr;6041;Maas, P.J.M. & Westra, L.Y.T.;Maas, P.J.M. & Westra, L.Y.T.;detby_problem;estra, L.Y.T.
4688;King;King;402;Maas, P.J.M. & Westra, L.Y.T.;Maas, P.J.M. & Westra, L.Y.T.;detby_problem;estra, L.Y.T.
4689;King;King;402;Maas, P.J.M. & Westra, L.Y.T.;Maas, P.J.M. & Westra, L.Y.T.;detby_problem;estra, L.Y.T.
4690;King;King;;van Benthem, F.D.J.;van Benthem, F.D.J.;detby_problem;van Benthem, F.D.J.
4693;Poilane, E;Poilane, E.;6328;van Benthem, F.DJ.;van Benthem, F.DJ.;detby_problem;van Benthem, F.DJ.
4694;Poilane, E;Poilane, E.;6303;van Benthem, F.DJ.;van Benthem, F.DJ.;detby_problem;van Benthem, F.DJ.
4695;Poilane, E;Poilane, E.;21251;van Benthem, F.D.J.;van Benthem, F.D.J.;detby_problem;van Benthem, F.D.J.
4696;Poilane, E;Poilane, E.;21295;Maas, P.J.M. & Westra, L.Y.T.;Maas, P.J.M. & Westra, L.Y.T.;detby_problem;estra, L.Y.T.
4697;Poilane;Poilane;10755;van Benthem, F.D.J.;van Benthem, F.D.J.;detby_problem;van Benthem, F.D.J.
4698;Poilane;Poilane;10755;Maas, P.J.M. & Westra, L.Y.T.;Maas, P.J.M. & Westra, L.Y.T.;detby_problem;estra, L.Y.T.
4699;Poilane;Poilane;10755;Maas, P.J.M. & Westra, L.Y.T.;Maas, P.J.M. & Westra, L.Y.T.;detby_problem;estra, L.Y.T.
4748;Weber, JF;Weber, J.F.;14;Weber, J.F. et Sévenet, T.;Weber, J.F. et Sévenet, T.;detby_problem;F. et Sévenet, T.
4771;Boongird, S;Boongird, S.;8;van Setten, A.K.;van Setten, A.K.;detby_problem;van Setten, A.K.
4775;Poilane, E;Poilane, E.;7924;van Heusden, E.C.H.;van Heusden, E.C.H.;detby_problem;van Heusden, E.C.H.
4776;Poilane, E;Poilane, E.;7924;van Heusden, E.C.H.;van Heusden, E.C.H.;detby_problem;van Heusden, E.C.H.
4801;Poilane;Poilane;25437;Van Heusden, E.C.H.;Van Heusden, E.C.H.;detby_problem;, E.C.H.
4845;Hooker, JD;Hooker, J.D.;;Hooker, J.D. & Thomson, T.;Hooker, J.D. & Thomson, T.;detby_problem;homson, T.
4863;Kostermans;Kostermans;24380;van Setten, A.K.;van Setten, A.K.;detby_problem;van Setten, A.K.
4999;Kostermans, A;Kostermans, A.;856;van Steenis;van Steenis;detby_problem;van Steenis
5007;Poilane;Poilane;10755;Maas, P.J.M. et Westra, L.Y.T.;Maas, P.J.M. et Westra, L.Y.T.;detby_problem;et Westra, L.Y.T.
5009;Poilane;Poilane;10778;Maas, P.J.M. et Westra, L.Y.T.;Maas, P.J.M. et Westra, L.Y.T.;detby_problem;et Westra, L.Y.T.
5010;Poilane;Poilane;10778;Maas, P.J.M. & Westra, L.Y.T.;Maas, P.J.M. & Westra, L.Y.T.;detby_problem;estra, L.Y.T.
5011;Poilane;Poilane;19661;van Benthem, F.DJ.;van Benthem, F.DJ.;detby_problem;van Benthem, F.DJ.
5012;Poilane;Poilane;25375;van Benthem, F.DJ.;van Benthem, F.DJ.;detby_problem;van Benthem, F.DJ.
5013;Poilane;Poilane;25375;Maas, P.J.M. et Westra, L.Y.T.;Maas, P.J.M. et Westra, L.Y.T.;detby_problem;et Westra, L.Y.T.
5014;Poilane;Poilane;25385;Maas, P.J.M. & Westra, L.Y.T.;Maas, P.J.M. & Westra, L.Y.T.;detby_problem;estra, L.Y.T.
5020;Phusomsaeng, S;Phusomsaeng, S.;342;Maas, P.J.M. & Westra, L.Y.T.;Maas, P.J.M. & Westra, L.Y.T.;detby_problem;estra, L.Y.T.
5021;Geesink, R;Geesink, R.;5418;van Benthem, F.D.J.;van Benthem, F.D.J.;detby_problem;van Benthem, F.D.J.
5022;Sangkhachand, B;Sangkhachand, B.;1510;van Benthem, F.D.J.;van Benthem, F.D.J.;detby_problem;van Benthem, F.D.J.
5023;Charoenphol, C;Charoenphol, C.;3577;Larsen, K. & Larsen, S.S.;Larsen, K. & Larsen, S.S.;detby_problem;S.
5087;Weber, JF;Weber, J.F.;57;Weber, J.F. et Sévenet, T.;Weber, J.F. et Sévenet, T.;detby_problem;F. et Sévenet, T.
5150;Griffith;Griffith;389;van Setten, A.K.;van Setten, A.K.;detby_problem;van Setten, A.K.
5151;Porter;Porter;;van Setten, A.K.;van Setten, A.K.;detby_problem;van Setten, A.K.
5255;Cheng, KC;Cheng, K.C.;CL 887;Léti, M.;Léti, M.;detby_problem;Léti, M.
5265;Ambri;Ambri;486;Ambri & Arifin;Ambri & Arifin;detby_problem;Ambri & Arifin
5404;King;King;5463;van Setten, A.K.;van Setten, A.K.;detby_problem;van Setten, A.K.
5449;Schaller, H;Schaller, H.;3823;Schaller, H. & Teo, L.E.;Schaller, H. & Teo, L.E.;detby_problem;E.
5450;Schaller, H;Schaller, H.;3823;Schaller, H. & Teo, L.E.;Schaller, H. & Teo, L.E.;detby_problem;E.
5451;Curtis;Curtis;;van Setten, A.K.;van Setten, A.K.;detby_problem;van Setten, A.K.
5455;King;King;6496;van Setten, A.K.;van Setten, A.K.;detby_problem;van Setten, A.K.
5577;Hooker, JD;Hooker, J.D.;;Hooker & Thomson;Hooker & Thomson;detby_problem;Hooker & Thomson
5611;Hooker, JD;Hooker, J.D.;;Hooker, J.D. et Thomson, T.;Hooker, J.D. et Thomson, T.;detby_problem;, T.
5674;David, B;David, B.;239;van Setten, A.K.;van Setten, A.K.;detby_problem;van Setten, A.K.
5675;David, B;David, B.;239;van Setten, A.K.;van Setten, A.K.;detby_problem;van Setten, A.K.
5739;Kostermans;Kostermans;24762;van Setten, A.K.;van Setten, A.K.;detby_problem;van Setten, A.K.
5740;Kostermans;Kostermans;24110;van Setten, A.K.;van Setten, A.K.;detby_problem;van Setten, A.K.
5741;Kostermans, AJ;Kostermans, A.J.;24466;van Setten, A.K.;van Setten, A.K.;detby_problem;van Setten, A.K.
5745;Perromat, G;Perromat, G.;4340;Téo, L.E. & Perromat, G.;Téo, L.E. & Perromat, G.;detby_problem;Téo, L.E. & Perromat, G.
5751;Clemens, J;Clemens, J.;3176;Clemens, J. & Clemens, M.S.;Clemens, J. & Clemens, M.S.;detby_problem;S.
5915;Pierre, L;Pierre, L.;1790;van Setten, A.K.;van Setten, A.K.;detby_problem;van Setten, A.K.
5932;King;King;10092;Maas, P.J.M. & Westra, L.Y.T.;Maas, P.J.M. & Westra, L.Y.T.;detby_problem;estra, L.Y.T.
5967;Kostermans;Kostermans;25649;van Setten, A.K.;van Setten, A.K.;detby_problem;van Setten, A.K.
5968;Kostermans;Kostermans;25462;van Setten, A.K.;van Setten, A.K.;detby_problem;van Setten, A.K.
5969;Kostermans, AJ;Kostermans, A.J.;24761;van Setten, A.K.;van Setten, A.K.;detby_problem;van Setten, A.K.
5971;Bon;Bon;5367;van Heusden, E.C.H.;van Heusden, E.C.H.;detby_problem;van Heusden, E.C.H.
5974;Elmer, ADE;Elmer, A.D.E.;21859;van Heusden, E.C.H.;van Heusden, E.C.H.;detby_problem;van Heusden, E.C.H.
5975;Hose, C;Hose, C.;474;van Heusden, E.C.H.;van Heusden, E.C.H.;detby_problem;van Heusden, E.C.H.
5976;Ramos, M;Ramos, M.;1640;van Heusden, E.C.H.;van Heusden, E.C.H.;detby_problem;van Heusden, E.C.H.
5977;Sablaya, M;Sablaya, M.;23;van Heusden, E.C.H.;van Heusden, E.C.H.;detby_problem;van Heusden, E.C.H.
6221;Arifin, Z;Arifin, Z.;1771;Arifin, Z. & Arbainsyah;Arifin, Z. & Arbainsyah;detby_problem;Arbainsyah
6227;Pierre, L;Pierre, L.;96;van Heusden, E.C.H.;van Heusden, E.C.H.;detby_problem;van Heusden, E.C.H.
6252;Poilane;Poilane;10600;Van Heusden, E.C.H.;Van Heusden, E.C.H.;detby_problem;, E.C.H.
6254;Poilane;Poilane;10600;van Heusden, E.C.H.;van Heusden, E.C.H.;detby_problem;van Heusden, E.C.H.
6291;Gibson;Gibson;;van Setten, A.K.;van Setten, A.K.;detby_problem;van Setten, A.K.
6292;Ridsdale, CE;Ridsdale, C.E.;389;van Setten, A.K.;van Setten, A.K.;detby_problem;van Setten, A.K.
6293;Stocks;Stocks;;van Setten, A.K.;van Setten, A.K.;detby_problem;van Setten, A.K.
6404;Sevenet;Sevenet;255;van Heusden, E.C.H. & van Setten, A.K.;van Heusden, E.C.H. & van Setten, A.K.;detby_problem;van Heusden, E.C.H. & van Setten, A.K.
6411;David, B;David, B.;25;van Setten, A.K.;van Setten, A.K.;detby_problem;van Setten, A.K.
6444;Jacquemont, V;Jacquemont, V.;423;Cambessèdes;Cambessèdes;detby_problem;Cambessèdes
6620;Poilane, E;Poilane, E.;6649;Jovet-Ast, S.;Jovet-Ast, S.;detby_problem;Jovet-Ast, S.
6684;Chevalier, A;Chevalier, A.;38625;Van Heusden, E.C.H.;Van Heusden, E.C.H.;detby_problem;, E.C.H.
6878;Schaller, H;Schaller, H.;3905;Schaller, H. & Teo, L.E.;Schaller, H. & Teo, L.E.;detby_problem;E.
6879;Schaller, H;Schaller, H.;3905;Schaller, H. & Teo, L.E.;Schaller, H. & Teo, L.E.;detby_problem;E.
6890;Deverre;Deverre;115;van Heusden, E.C.H. & van Setten, A.K.;van Heusden, E.C.H. & van Setten, A.K.;detby_problem;van Heusden, E.C.H. & van Setten, A.K.
6978;Larsen, K;Larsen, K.;2381;van Setten, A.K.;van Setten, A.K.;detby_problem;van Setten, A.K.
7027;Curtis, C;Curtis, C.;50;van Setten, A.K.;van Setten, A.K.;detby_problem;van Setten, A.K.
7028;Schaller, H;Schaller, H.;3796;Schaller, H. & Teo, L.E.;Schaller, H. & Teo, L.E.;detby_problem;E.
7072;Arifin;Arifin;1703;Arifin, Ambri, Arbainsyah & Kessler;Arifin, Ambri, Arbainsyah & Kessler;detby_problem;, Arbainsyah & Kessler
7081;Arifin, Z;Arifin, Z.;1749;Arifin, Z. & Arbainsyah;Arifin, Z. & Arbainsyah;detby_problem;Arbainsyah
7094;Balansa, B;Balansa, B.;1475;van Heusden, E.C.H.;van Heusden, E.C.H.;detby_problem;van Heusden, E.C.H.
7095;Pirey, M de;Pirey, M. de;64;van Heusden, E.C.H.;van Heusden, E.C.H.;detby_problem;van Heusden, E.C.H.
7174;David, B;David, B.;69;van Setten, A.K.;van Setten, A.K.;detby_problem;van Setten, A.K.
7175;David, B;David, B.;69;van Setten, A.K.;van Setten, A.K.;detby_problem;van Setten, A.K.
7183;Teijsmann;Teijsmann;75;van Setten, A.K.;van Setten, A.K.;detby_problem;van Setten, A.K.
7187;Loher;Loher;57;van Setten, A.K.;van Setten, A.K.;detby_problem;van Setten, A.K.
7188;Loher, A;Loher, A.;57;van Setten, A.K.;van Setten, A.K.;detby_problem;van Setten, A.K.
7318;Poilane, E;Poilane, E.;30002;Jovet-Ast, S.;Jovet-Ast, S.;detby_problem;Jovet-Ast, S.
7332;Schaller, H;Schaller, H.;3796;Schaller, H. & Teo, L.E.;Schaller, H. & Teo, L.E.;detby_problem;E.
7407;Poilane;Poilane;8839;van Setten, A.K.;van Setten, A.K.;detby_problem;van Setten, A.K.
7413;Poilane;Poilane;8810;van Setten, A.K.;van Setten, A.K.;detby_problem;van Setten, A.K.
7414;Poilane;Poilane;8814;van Setten, A.K.;van Setten, A.K.;detby_problem;van Setten, A.K.
7425;Clemens, J;Clemens, J.;3752;Clemens, J. & Clemens, M.S.;Clemens, J. & Clemens, M.S.;detby_problem;S.
7477;Geesink, R;Geesink, R.;5777;van Setten, A.K.;van Setten, A.K.;detby_problem;van Setten, A.K.
7603;Lecomte, H;Lecomte, H.;1337;Lecomte, H. et Finet, A.;Lecomte, H. et Finet, A.;detby_problem; Finet, A.
7635;Ambri;Ambri;504;Ambri & Arifin;Ambri & Arifin;detby_problem;Ambri & Arifin
7807;Poilane, E;Poilane, E.;22654;Van Heusden, E.C.H.;Van Heusden, E.C.H.;detby_problem;, E.C.H.
7813;Poilane;Poilane;9303;van Heusden, E.C.H.;van Heusden, E.C.H.;detby_problem;van Heusden, E.C.H.
7815;Poilane;Poilane;8153;Van Heusden, E.C.H.;Van Heusden, E.C.H.;detby_problem;, E.C.H.
7816;Poilane;Poilane;8141;van Heusden, E.C.H.;van Heusden, E.C.H.;detby_problem;van Heusden, E.C.H.
7818;Poilane, E;Poilane, E.;6828;Van Heusden, E.C.H.;Van Heusden, E.C.H.;detby_problem;, E.C.H.
7822;Poilane;Poilane;5175;van Heusden, E.C.H.;van Heusden, E.C.H.;detby_problem;van Heusden, E.C.H.
7823;Poilane;Poilane;5175;van Heusden, E.C.H.;van Heusden, E.C.H.;detby_problem;van Heusden, E.C.H.
7825;Poilane;Poilane;3193;van Heusden, E.C.H.;van Heusden, E.C.H.;detby_problem;van Heusden, E.C.H.
7836;Evrard, F;Evrard, F.;454;van Heusden, E.C.H.;van Heusden, E.C.H.;detby_problem;van Heusden, E.C.H.
7999;Hooker, JD;Hooker, J.D.;;Hooker, J.D. & Thomson, T.;Hooker, J.D. & Thomson, T.;detby_problem;homson, T.
8099;Ngadiman;Ngadiman;37013;van Setten, A.K.;van Setten, A.K.;detby_problem;van Setten, A.K.
8127;Chevalier, A;Chevalier, A.;31978;van Setten, A.K.;van Setten, A.K.;detby_problem;van Setten, A.K.
